name,mentions,week
Don Draper,1,2015-03-29
Don Draper,1,2015-04-05
Don Draper,0,2015-04-12
Don Draper,0,2015-04-19
Don Draper,2,2015-04-26
Don Draper,0,2015-05-03
Don Draper,2,2015-05-10
Don Draper,2,2015-05-17
Don Draper,1,2015-05-24
Don Draper,0,2015-03-22
Don Draper,0,2015-03-15
Don Draper,0,2015-03-08
Don Draper,0,2015-03-01
Don Draper,0,2015-02-22
Don Draper,0,2015-02-15
Don Draper,0,2015-05-31
Don Draper,0,2015-06-07
Don Draper,0,2015-06-14
Michael Jackson,1,2015-02-15
Michael Jackson,1,2015-02-22
Michael Jackson,0,2015-03-01
Michael Jackson,0,2015-03-08
Michael Jackson,1,2015-03-15
Michael Jackson,0,2015-03-22
Michael Jackson,0,2015-03-29
Michael Jackson,2,2015-04-05
Michael Jackson,2,2015-04-12
Michael Jackson,0,2015-04-19
Michael Jackson,1,2015-04-26
Michael Jackson,1,2015-05-03
Michael Jackson,4,2015-05-10
Michael Jackson,1,2015-05-17
Michael Jackson,2,2015-05-24
Michael Jackson,1,2015-05-31
Michael Jackson,1,2015-06-07
Michael Jackson,0,2015-06-14
Mitch McConnell,1,2015-02-15
Mitch McConnell,3,2015-02-22
Mitch McConnell,0,2015-03-01
Mitch McConnell,1,2015-03-08
Mitch McConnell,1,2015-03-15
Mitch McConnell,2,2015-03-22
Mitch McConnell,0,2015-03-29
Mitch McConnell,1,2015-04-05
Mitch McConnell,0,2015-04-12
Mitch McConnell,0,2015-04-19
Mitch McConnell,0,2015-04-26
Mitch McConnell,0,2015-05-03
Mitch McConnell,3,2015-05-10
Mitch McConnell,0,2015-05-17
Mitch McConnell,2,2015-05-24
Mitch McConnell,0,2015-05-31
Mitch McConnell,0,2015-06-07
Mitch McConnell,0,2015-06-14
Ben Affleck,1,2015-03-01
Ben Affleck,0,2015-03-08
Ben Affleck,0,2015-03-15
Ben Affleck,0,2015-03-22
Ben Affleck,0,2015-03-29
Ben Affleck,0,2015-04-05
Ben Affleck,1,2015-04-12
Ben Affleck,2,2015-04-19
Ben Affleck,2,2015-04-26
Ben Affleck,1,2015-05-03
Ben Affleck,1,2015-05-10
Ben Affleck,1,2015-05-17
Ben Affleck,1,2015-05-24
Ben Affleck,0,2015-05-31
Ben Affleck,1,2015-06-07
Ben Affleck,0,2015-02-22
Ben Affleck,0,2015-02-15
Ben Affleck,0,2015-06-14
Jesus,1,2015-03-01
Jesus,0,2015-03-08
Jesus,0,2015-03-15
Jesus,1,2015-03-22
Jesus,0,2015-03-29
Jesus,0,2015-04-05
Jesus,1,2015-04-12
Jesus,0,2015-04-19
Jesus,0,2015-04-26
Jesus,0,2015-05-03
Jesus,1,2015-05-10
Jesus,1,2015-05-17
Jesus,0,2015-05-24
Jesus,2,2015-05-31
Jesus,2,2015-06-07
Jesus,0,2015-02-22
Jesus,0,2015-02-15
Jesus,0,2015-06-14
Miles Davis,2,2015-02-15
Miles Davis,0,2015-02-22
Miles Davis,0,2015-03-01
Miles Davis,0,2015-03-08
Miles Davis,0,2015-03-15
Miles Davis,0,2015-03-22
Miles Davis,1,2015-03-29
Miles Davis,2,2015-04-05
Miles Davis,1,2015-04-12
Miles Davis,0,2015-04-19
Miles Davis,0,2015-04-26
Miles Davis,0,2015-05-03
Miles Davis,1,2015-05-10
Miles Davis,1,2015-05-17
Miles Davis,0,2015-05-24
Miles Davis,0,2015-05-31
Miles Davis,1,2015-06-07
Miles Davis,0,2015-06-14
Jon Stewart,2,2015-02-15
Jon Stewart,3,2015-02-22
Jon Stewart,0,2015-03-01
Jon Stewart,1,2015-03-08
Jon Stewart,0,2015-03-15
Jon Stewart,0,2015-03-22
Jon Stewart,1,2015-03-29
Jon Stewart,0,2015-04-05
Jon Stewart,3,2015-04-12
Jon Stewart,1,2015-04-19
Jon Stewart,1,2015-04-26
Jon Stewart,1,2015-05-03
Jon Stewart,2,2015-05-10
Jon Stewart,1,2015-05-17
Jon Stewart,1,2015-05-24
Jon Stewart,3,2015-05-31
Jon Stewart,0,2015-06-07
Jon Stewart,0,2015-06-14
Mike Pesca,2,2015-02-22
Mike Pesca,0,2015-03-01
Mike Pesca,0,2015-03-08
Mike Pesca,0,2015-03-15
Mike Pesca,0,2015-03-22
Mike Pesca,0,2015-03-29
Mike Pesca,0,2015-04-05
Mike Pesca,1,2015-04-12
Mike Pesca,0,2015-04-19
Mike Pesca,0,2015-04-26
Mike Pesca,4,2015-05-03
Mike Pesca,2,2015-05-10
Mike Pesca,2,2015-05-17
Mike Pesca,0,2015-05-24
Mike Pesca,1,2015-05-31
Mike Pesca,1,2015-06-07
Mike Pesca,0,2015-02-15
Mike Pesca,0,2015-06-14
Amy Poehler,1,2015-02-22
Amy Poehler,1,2015-03-01
Amy Poehler,0,2015-03-08
Amy Poehler,1,2015-03-15
Amy Poehler,0,2015-03-22
Amy Poehler,0,2015-03-29
Amy Poehler,0,2015-04-05
Amy Poehler,1,2015-04-12
Amy Poehler,0,2015-04-19
Amy Poehler,0,2015-04-26
Amy Poehler,0,2015-05-03
Amy Poehler,1,2015-05-10
Amy Poehler,0,2015-05-17
Amy Poehler,2,2015-05-24
Amy Poehler,0,2015-05-31
Amy Poehler,2,2015-06-07
Amy Poehler,2,2015-06-14
Amy Poehler,0,2015-02-15
David Foster,1,2015-05-10
David Foster,2,2015-05-17
David Foster,1,2015-05-24
David Foster,2,2015-05-31
David Foster,3,2015-06-07
David Foster,0,2015-05-03
David Foster,0,2015-04-26
David Foster,0,2015-04-19
David Foster,0,2015-04-12
David Foster,0,2015-04-05
David Foster,0,2015-03-29
David Foster,0,2015-03-22
David Foster,0,2015-03-15
David Foster,0,2015-03-08
David Foster,0,2015-03-01
David Foster,0,2015-02-22
David Foster,0,2015-02-15
David Foster,0,2015-06-14
Adam Smith,1,2015-02-15
Adam Smith,0,2015-02-22
Adam Smith,0,2015-03-01
Adam Smith,0,2015-03-08
Adam Smith,0,2015-03-15
Adam Smith,2,2015-03-22
Adam Smith,0,2015-03-29
Adam Smith,0,2015-04-05
Adam Smith,1,2015-04-12
Adam Smith,1,2015-04-19
Adam Smith,1,2015-04-26
Adam Smith,1,2015-05-03
Adam Smith,0,2015-05-10
Adam Smith,0,2015-05-17
Adam Smith,0,2015-05-24
Adam Smith,2,2015-05-31
Adam Smith,0,2015-06-07
Adam Smith,0,2015-06-14
Spike Lee,1,2015-03-08
Spike Lee,0,2015-03-15
Spike Lee,0,2015-03-22
Spike Lee,0,2015-03-29
Spike Lee,2,2015-04-05
Spike Lee,1,2015-04-12
Spike Lee,0,2015-04-19
Spike Lee,0,2015-04-26
Spike Lee,1,2015-05-03
Spike Lee,0,2015-05-10
Spike Lee,4,2015-05-17
Spike Lee,1,2015-05-24
Spike Lee,2,2015-05-31
Spike Lee,3,2015-06-07
Spike Lee,0,2015-03-01
Spike Lee,0,2015-02-22
Spike Lee,0,2015-02-15
Spike Lee,0,2015-06-14
Osama bin Laden,2,2015-04-12
Osama bin Laden,1,2015-04-19
Osama bin Laden,0,2015-04-26
Osama bin Laden,1,2015-05-03
Osama bin Laden,3,2015-05-10
Osama bin Laden,3,2015-05-17
Osama bin Laden,0,2015-04-05
Osama bin Laden,0,2015-03-29
Osama bin Laden,0,2015-03-22
Osama bin Laden,0,2015-03-15
Osama bin Laden,0,2015-03-08
Osama bin Laden,0,2015-03-01
Osama bin Laden,0,2015-02-22
Osama bin Laden,0,2015-02-15
Osama bin Laden,0,2015-05-24
Osama bin Laden,0,2015-05-31
Osama bin Laden,0,2015-06-07
Osama bin Laden,0,2015-06-14
Richard Branson,1,2015-02-15
Richard Branson,0,2015-02-22
Richard Branson,0,2015-03-01
Richard Branson,1,2015-03-08
Richard Branson,0,2015-03-15
Richard Branson,0,2015-03-22
Richard Branson,0,2015-03-29
Richard Branson,2,2015-04-05
Richard Branson,0,2015-04-12
Richard Branson,0,2015-04-19
Richard Branson,0,2015-04-26
Richard Branson,1,2015-05-03
Richard Branson,1,2015-05-10
Richard Branson,0,2015-05-17
Richard Branson,1,2015-05-24
Richard Branson,2,2015-05-31
Richard Branson,0,2015-06-07
Richard Branson,0,2015-06-14
Peter Sagal,1,2015-04-26
Peter Sagal,3,2015-05-03
Peter Sagal,2,2015-05-10
Peter Sagal,1,2015-05-17
Peter Sagal,1,2015-05-24
Peter Sagal,0,2015-05-31
Peter Sagal,1,2015-06-07
Peter Sagal,0,2015-04-19
Peter Sagal,0,2015-04-12
Peter Sagal,0,2015-04-05
Peter Sagal,0,2015-03-29
Peter Sagal,0,2015-03-22
Peter Sagal,0,2015-03-15
Peter Sagal,0,2015-03-08
Peter Sagal,0,2015-03-01
Peter Sagal,0,2015-02-22
Peter Sagal,0,2015-02-15
Peter Sagal,0,2015-06-14
Robert Kraft,9,2015-05-17
Robert Kraft,1,2015-05-24
Robert Kraft,1,2015-05-31
Robert Kraft,0,2015-05-10
Robert Kraft,0,2015-05-03
Robert Kraft,0,2015-04-26
Robert Kraft,0,2015-04-19
Robert Kraft,0,2015-04-12
Robert Kraft,0,2015-04-05
Robert Kraft,0,2015-03-29
Robert Kraft,0,2015-03-22
Robert Kraft,0,2015-03-15
Robert Kraft,0,2015-03-08
Robert Kraft,0,2015-03-01
Robert Kraft,0,2015-02-22
Robert Kraft,0,2015-02-15
Robert Kraft,0,2015-06-07
Robert Kraft,0,2015-06-14
Brian Williams,2,2015-02-15
Brian Williams,4,2015-02-22
Brian Williams,1,2015-03-01
Brian Williams,0,2015-03-08
Brian Williams,0,2015-03-15
Brian Williams,0,2015-03-22
Brian Williams,1,2015-03-29
Brian Williams,0,2015-04-05
Brian Williams,0,2015-04-12
Brian Williams,0,2015-04-19
Brian Williams,0,2015-04-26
Brian Williams,0,2015-05-03
Brian Williams,0,2015-05-10
Brian Williams,0,2015-05-17
Brian Williams,0,2015-05-24
Brian Williams,1,2015-05-31
Brian Williams,1,2015-06-07
Brian Williams,0,2015-06-14
Mel Brooks,1,2015-04-05
Mel Brooks,1,2015-04-12
Mel Brooks,1,2015-04-19
Mel Brooks,0,2015-04-26
Mel Brooks,1,2015-05-03
Mel Brooks,0,2015-05-10
Mel Brooks,3,2015-05-17
Mel Brooks,0,2015-05-24
Mel Brooks,1,2015-05-31
Mel Brooks,0,2015-06-07
Mel Brooks,1,2015-06-14
Mel Brooks,0,2015-03-29
Mel Brooks,0,2015-03-22
Mel Brooks,0,2015-03-15
Mel Brooks,0,2015-03-08
Mel Brooks,0,2015-03-01
Mel Brooks,0,2015-02-22
Mel Brooks,0,2015-02-15
Stephen King,4,2015-02-22
Stephen King,1,2015-03-01
Stephen King,0,2015-03-08
Stephen King,0,2015-03-15
Stephen King,0,2015-03-22
Stephen King,0,2015-03-29
Stephen King,0,2015-04-05
Stephen King,0,2015-04-12
Stephen King,1,2015-04-19
Stephen King,3,2015-04-26
Stephen King,0,2015-05-03
Stephen King,1,2015-05-10
Stephen King,1,2015-05-17
Stephen King,0,2015-05-24
Stephen King,2,2015-05-31
Stephen King,2,2015-06-07
Stephen King,0,2015-02-15
Stephen King,0,2015-06-14
Paul Simon,1,2015-02-15
Paul Simon,0,2015-02-22
Paul Simon,0,2015-03-01
Paul Simon,0,2015-03-08
Paul Simon,0,2015-03-15
Paul Simon,0,2015-03-22
Paul Simon,0,2015-03-29
Paul Simon,0,2015-04-05
Paul Simon,2,2015-04-12
Paul Simon,0,2015-04-19
Paul Simon,1,2015-04-26
Paul Simon,0,2015-05-03
Paul Simon,1,2015-05-10
Paul Simon,1,2015-05-17
Paul Simon,3,2015-05-24
Paul Simon,0,2015-05-31
Paul Simon,0,2015-06-07
Paul Simon,0,2015-06-14
Jeb Bush,1,2015-02-15
Jeb Bush,4,2015-02-22
Jeb Bush,0,2015-03-01
Jeb Bush,0,2015-03-08
Jeb Bush,0,2015-03-15
Jeb Bush,0,2015-03-22
Jeb Bush,1,2015-03-29
Jeb Bush,2,2015-04-05
Jeb Bush,6,2015-04-12
Jeb Bush,2,2015-04-19
Jeb Bush,0,2015-04-26
Jeb Bush,2,2015-05-03
Jeb Bush,1,2015-05-10
Jeb Bush,0,2015-05-17
Jeb Bush,1,2015-05-24
Jeb Bush,0,2015-05-31
Jeb Bush,2,2015-06-07
Jeb Bush,0,2015-06-14
Ben Carson,2,2015-02-22
Ben Carson,1,2015-03-01
Ben Carson,0,2015-03-08
Ben Carson,0,2015-03-15
Ben Carson,0,2015-03-22
Ben Carson,0,2015-03-29
Ben Carson,0,2015-04-05
Ben Carson,0,2015-04-12
Ben Carson,0,2015-04-19
Ben Carson,0,2015-04-26
Ben Carson,4,2015-05-03
Ben Carson,2,2015-05-10
Ben Carson,1,2015-05-17
Ben Carson,0,2015-02-15
Ben Carson,0,2015-05-24
Ben Carson,0,2015-05-31
Ben Carson,0,2015-06-07
Ben Carson,0,2015-06-14
Rick Santorum,1,2015-02-22
Rick Santorum,0,2015-03-01
Rick Santorum,0,2015-03-08
Rick Santorum,0,2015-03-15
Rick Santorum,1,2015-03-22
Rick Santorum,0,2015-03-29
Rick Santorum,0,2015-04-05
Rick Santorum,4,2015-04-12
Rick Santorum,0,2015-04-19
Rick Santorum,0,2015-04-26
Rick Santorum,0,2015-05-03
Rick Santorum,0,2015-05-10
Rick Santorum,1,2015-05-17
Rick Santorum,1,2015-05-24
Rick Santorum,1,2015-05-31
Rick Santorum,0,2015-02-15
Rick Santorum,0,2015-06-07
Rick Santorum,0,2015-06-14
Benjamin Walker,1,2015-03-01
Benjamin Walker,0,2015-03-08
Benjamin Walker,1,2015-03-15
Benjamin Walker,1,2015-03-22
Benjamin Walker,0,2015-03-29
Benjamin Walker,0,2015-04-05
Benjamin Walker,0,2015-04-12
Benjamin Walker,3,2015-04-19
Benjamin Walker,0,2015-04-26
Benjamin Walker,0,2015-05-03
Benjamin Walker,2,2015-05-10
Benjamin Walker,1,2015-05-17
Benjamin Walker,0,2015-02-22
Benjamin Walker,0,2015-02-15
Benjamin Walker,0,2015-05-24
Benjamin Walker,0,2015-05-31
Benjamin Walker,0,2015-06-07
Benjamin Walker,0,2015-06-14
Tina Fey,1,2015-02-22
Tina Fey,2,2015-03-01
Tina Fey,0,2015-03-08
Tina Fey,0,2015-03-15
Tina Fey,0,2015-03-22
Tina Fey,0,2015-03-29
Tina Fey,0,2015-04-05
Tina Fey,1,2015-04-12
Tina Fey,1,2015-04-19
Tina Fey,1,2015-04-26
Tina Fey,1,2015-05-03
Tina Fey,0,2015-05-10
Tina Fey,0,2015-05-17
Tina Fey,1,2015-05-24
Tina Fey,0,2015-05-31
Tina Fey,1,2015-06-07
Tina Fey,0,2015-02-15
Tina Fey,0,2015-06-14
George Lucas,2,2015-02-15
George Lucas,1,2015-02-22
George Lucas,0,2015-03-01
George Lucas,0,2015-03-08
George Lucas,0,2015-03-15
George Lucas,0,2015-03-22
George Lucas,0,2015-03-29
George Lucas,1,2015-04-05
George Lucas,3,2015-04-12
George Lucas,0,2015-04-19
George Lucas,0,2015-04-26
George Lucas,1,2015-05-03
George Lucas,0,2015-05-10
George Lucas,2,2015-05-17
George Lucas,3,2015-05-24
George Lucas,0,2015-05-31
George Lucas,0,2015-06-07
George Lucas,0,2015-06-14
George W. Bush,4,2015-02-15
George W. Bush,0,2015-02-22
George W. Bush,0,2015-03-01
George W. Bush,2,2015-03-08
George W. Bush,2,2015-03-15
George W. Bush,3,2015-03-22
George W. Bush,3,2015-03-29
George W. Bush,0,2015-04-05
George W. Bush,2,2015-04-12
George W. Bush,0,2015-04-19
George W. Bush,1,2015-04-26
George W. Bush,2,2015-05-03
George W. Bush,1,2015-05-10
George W. Bush,1,2015-05-17
George W. Bush,1,2015-05-24
George W. Bush,0,2015-05-31
George W. Bush,1,2015-06-07
George W. Bush,0,2015-06-14
Robert Scheer,2,2015-02-15
Robert Scheer,1,2015-02-22
Robert Scheer,1,2015-03-01
Robert Scheer,1,2015-03-08
Robert Scheer,1,2015-03-15
Robert Scheer,1,2015-03-22
Robert Scheer,1,2015-03-29
Robert Scheer,1,2015-04-05
Robert Scheer,0,2015-04-12
Robert Scheer,0,2015-04-19
Robert Scheer,0,2015-04-26
Robert Scheer,0,2015-05-03
Robert Scheer,0,2015-05-10
Robert Scheer,0,2015-05-17
Robert Scheer,0,2015-05-24
Robert Scheer,0,2015-05-31
Robert Scheer,0,2015-06-07
Robert Scheer,0,2015-06-14
Michael Moore,1,2015-02-15
Michael Moore,0,2015-02-22
Michael Moore,0,2015-03-01
Michael Moore,0,2015-03-08
Michael Moore,0,2015-03-15
Michael Moore,0,2015-03-22
Michael Moore,0,2015-03-29
Michael Moore,2,2015-04-05
Michael Moore,2,2015-04-12
Michael Moore,0,2015-04-19
Michael Moore,3,2015-04-26
Michael Moore,0,2015-05-03
Michael Moore,0,2015-05-10
Michael Moore,0,2015-05-17
Michael Moore,0,2015-05-24
Michael Moore,1,2015-05-31
Michael Moore,0,2015-06-07
Michael Moore,0,2015-06-14
Elizabeth Warren,1,2015-02-15
Elizabeth Warren,1,2015-02-22
Elizabeth Warren,0,2015-03-01
Elizabeth Warren,0,2015-03-08
Elizabeth Warren,0,2015-03-15
Elizabeth Warren,1,2015-03-22
Elizabeth Warren,1,2015-03-29
Elizabeth Warren,0,2015-04-05
Elizabeth Warren,4,2015-04-12
Elizabeth Warren,0,2015-04-19
Elizabeth Warren,2,2015-04-26
Elizabeth Warren,2,2015-05-03
Elizabeth Warren,3,2015-05-10
Elizabeth Warren,1,2015-05-17
Elizabeth Warren,1,2015-05-24
Elizabeth Warren,1,2015-05-31
Elizabeth Warren,1,2015-06-07
Elizabeth Warren,0,2015-06-14
Robert Durst,3,2015-02-15
Robert Durst,4,2015-02-22
Robert Durst,0,2015-03-01
Robert Durst,0,2015-03-08
Robert Durst,2,2015-03-15
Robert Durst,0,2015-03-22
Robert Durst,0,2015-03-29
Robert Durst,1,2015-04-05
Robert Durst,0,2015-04-12
Robert Durst,0,2015-04-19
Robert Durst,0,2015-04-26
Robert Durst,0,2015-05-03
Robert Durst,1,2015-05-10
Robert Durst,0,2015-05-17
Robert Durst,1,2015-05-24
Robert Durst,1,2015-05-31
Robert Durst,0,2015-06-07
Robert Durst,0,2015-06-14
Steve Martin,1,2015-02-22
Steve Martin,0,2015-03-01
Steve Martin,0,2015-03-08
Steve Martin,0,2015-03-15
Steve Martin,0,2015-03-22
Steve Martin,1,2015-03-29
Steve Martin,0,2015-04-05
Steve Martin,1,2015-04-12
Steve Martin,0,2015-04-19
Steve Martin,0,2015-04-26
Steve Martin,1,2015-05-03
Steve Martin,2,2015-05-10
Steve Martin,0,2015-05-17
Steve Martin,0,2015-05-24
Steve Martin,3,2015-05-31
Steve Martin,2,2015-06-07
Steve Martin,1,2015-06-14
Steve Martin,0,2015-02-15
Jean Grey,1,2015-02-22
Jean Grey,0,2015-03-01
Jean Grey,0,2015-03-08
Jean Grey,0,2015-03-15
Jean Grey,0,2015-03-22
Jean Grey,0,2015-03-29
Jean Grey,0,2015-04-05
Jean Grey,0,2015-04-12
Jean Grey,1,2015-04-19
Jean Grey,2,2015-04-26
Jean Grey,1,2015-05-03
Jean Grey,1,2015-05-10
Jean Grey,1,2015-05-17
Jean Grey,1,2015-05-24
Jean Grey,2,2015-05-31
Jean Grey,0,2015-02-15
Jean Grey,0,2015-06-07
Jean Grey,0,2015-06-14
Lady Gaga,1,2015-02-15
Lady Gaga,2,2015-02-22
Lady Gaga,1,2015-03-01
Lady Gaga,0,2015-03-08
Lady Gaga,0,2015-03-15
Lady Gaga,2,2015-03-22
Lady Gaga,0,2015-03-29
Lady Gaga,0,2015-04-05
Lady Gaga,1,2015-04-12
Lady Gaga,1,2015-04-19
Lady Gaga,0,2015-04-26
Lady Gaga,0,2015-05-03
Lady Gaga,2,2015-05-10
Lady Gaga,1,2015-05-17
Lady Gaga,0,2015-05-24
Lady Gaga,0,2015-05-31
Lady Gaga,0,2015-06-07
Lady Gaga,0,2015-06-14
California,14,2015-02-15
California,5,2015-02-22
California,11,2015-03-01
California,8,2015-03-08
California,10,2015-03-15
California,9,2015-03-22
California,9,2015-03-29
California,10,2015-04-05
California,18,2015-04-12
California,1,2015-04-19
California,2,2015-04-26
California,1,2015-05-03
California,0,2015-05-10
California,1,2015-05-17
California,0,2015-05-24
California,1,2015-05-31
California,0,2015-06-07
California,1,2015-06-14
Ted Cruz,3,2015-02-22
Ted Cruz,0,2015-03-01
Ted Cruz,0,2015-03-08
Ted Cruz,1,2015-03-15
Ted Cruz,2,2015-03-22
Ted Cruz,1,2015-03-29
Ted Cruz,2,2015-04-05
Ted Cruz,6,2015-04-12
Ted Cruz,2,2015-04-19
Ted Cruz,2,2015-04-26
Ted Cruz,3,2015-05-03
Ted Cruz,4,2015-05-10
Ted Cruz,0,2015-05-17
Ted Cruz,1,2015-05-24
Ted Cruz,0,2015-02-15
Ted Cruz,0,2015-05-31
Ted Cruz,0,2015-06-07
Ted Cruz,0,2015-06-14
Charles Barkley,1,2015-02-22
Charles Barkley,0,2015-03-01
Charles Barkley,0,2015-03-08
Charles Barkley,0,2015-03-15
Charles Barkley,0,2015-03-22
Charles Barkley,0,2015-03-29
Charles Barkley,0,2015-04-05
Charles Barkley,0,2015-04-12
Charles Barkley,1,2015-04-19
Charles Barkley,0,2015-04-26
Charles Barkley,0,2015-05-03
Charles Barkley,2,2015-05-10
Charles Barkley,2,2015-05-17
Charles Barkley,1,2015-05-24
Charles Barkley,0,2015-05-31
Charles Barkley,2,2015-06-07
Charles Barkley,0,2015-02-15
Charles Barkley,0,2015-06-14
John McCain,2,2015-02-15
John McCain,1,2015-02-22
John McCain,0,2015-03-01
John McCain,1,2015-03-08
John McCain,0,2015-03-15
John McCain,0,2015-03-22
John McCain,1,2015-03-29
John McCain,0,2015-04-05
John McCain,1,2015-04-12
John McCain,0,2015-04-19
John McCain,0,2015-04-26
John McCain,0,2015-05-03
John McCain,0,2015-05-10
John McCain,2,2015-05-17
John McCain,1,2015-05-24
John McCain,1,2015-05-31
John McCain,0,2015-06-07
John McCain,0,2015-06-14
Mark Zuckerberg,1,2015-02-15
Mark Zuckerberg,1,2015-02-22
Mark Zuckerberg,0,2015-03-01
Mark Zuckerberg,1,2015-03-08
Mark Zuckerberg,1,2015-03-15
Mark Zuckerberg,1,2015-03-22
Mark Zuckerberg,1,2015-03-29
Mark Zuckerberg,1,2015-04-05
Mark Zuckerberg,2,2015-04-12
Mark Zuckerberg,0,2015-04-19
Mark Zuckerberg,0,2015-04-26
Mark Zuckerberg,3,2015-05-03
Mark Zuckerberg,4,2015-05-10
Mark Zuckerberg,2,2015-05-17
Mark Zuckerberg,0,2015-05-24
Mark Zuckerberg,1,2015-05-31
Mark Zuckerberg,0,2015-06-07
Mark Zuckerberg,0,2015-06-14
Warren Buffett,1,2015-03-08
Warren Buffett,0,2015-03-15
Warren Buffett,0,2015-03-22
Warren Buffett,0,2015-03-29
Warren Buffett,2,2015-04-05
Warren Buffett,0,2015-04-12
Warren Buffett,1,2015-04-19
Warren Buffett,1,2015-04-26
Warren Buffett,0,2015-05-03
Warren Buffett,3,2015-05-10
Warren Buffett,2,2015-05-17
Warren Buffett,1,2015-05-24
Warren Buffett,0,2015-03-01
Warren Buffett,0,2015-02-22
Warren Buffett,0,2015-02-15
Warren Buffett,0,2015-05-31
Warren Buffett,0,2015-06-07
Warren Buffett,0,2015-06-14
Abraham Lincoln,1,2015-02-15
Abraham Lincoln,1,2015-02-22
Abraham Lincoln,1,2015-03-01
Abraham Lincoln,0,2015-03-08
Abraham Lincoln,0,2015-03-15
Abraham Lincoln,0,2015-03-22
Abraham Lincoln,0,2015-03-29
Abraham Lincoln,0,2015-04-05
Abraham Lincoln,3,2015-04-12
Abraham Lincoln,3,2015-04-19
Abraham Lincoln,0,2015-04-26
Abraham Lincoln,1,2015-05-03
Abraham Lincoln,1,2015-05-10
Abraham Lincoln,3,2015-05-17
Abraham Lincoln,1,2015-05-24
Abraham Lincoln,1,2015-05-31
Abraham Lincoln,4,2015-06-07
Abraham Lincoln,0,2015-06-14
Chris Rock,2,2015-02-22
Chris Rock,0,2015-03-01
Chris Rock,0,2015-03-08
Chris Rock,0,2015-03-15
Chris Rock,0,2015-03-22
Chris Rock,0,2015-03-29
Chris Rock,0,2015-04-05
Chris Rock,1,2015-04-12
Chris Rock,3,2015-04-19
Chris Rock,1,2015-04-26
Chris Rock,1,2015-05-03
Chris Rock,0,2015-05-10
Chris Rock,2,2015-05-17
Chris Rock,2,2015-05-24
Chris Rock,3,2015-05-31
Chris Rock,1,2015-06-07
Chris Rock,0,2015-02-15
Chris Rock,0,2015-06-14
Howard Stern,2,2015-02-15
Howard Stern,4,2015-02-22
Howard Stern,0,2015-03-01
Howard Stern,0,2015-03-08
Howard Stern,0,2015-03-15
Howard Stern,0,2015-03-22
Howard Stern,0,2015-03-29
Howard Stern,0,2015-04-05
Howard Stern,9,2015-04-12
Howard Stern,3,2015-04-19
Howard Stern,5,2015-04-26
Howard Stern,5,2015-05-03
Howard Stern,1,2015-05-10
Howard Stern,4,2015-05-17
Howard Stern,2,2015-05-24
Howard Stern,4,2015-05-31
Howard Stern,1,2015-06-07
Howard Stern,2,2015-06-14
John Boehner,6,2015-02-22
John Boehner,2,2015-03-01
John Boehner,0,2015-03-08
John Boehner,0,2015-03-15
John Boehner,1,2015-03-22
John Boehner,2,2015-03-29
John Boehner,0,2015-04-05
John Boehner,0,2015-04-12
John Boehner,0,2015-04-19
John Boehner,0,2015-04-26
John Boehner,1,2015-05-03
John Boehner,0,2015-05-10
John Boehner,1,2015-05-17
John Boehner,0,2015-02-15
John Boehner,0,2015-05-24
John Boehner,0,2015-05-31
John Boehner,0,2015-06-07
John Boehner,0,2015-06-14
Kobe Bryant,1,2015-02-22
Kobe Bryant,1,2015-03-01
Kobe Bryant,0,2015-03-08
Kobe Bryant,0,2015-03-15
Kobe Bryant,0,2015-03-22
Kobe Bryant,0,2015-03-29
Kobe Bryant,0,2015-04-05
Kobe Bryant,0,2015-04-12
Kobe Bryant,0,2015-04-19
Kobe Bryant,1,2015-04-26
Kobe Bryant,0,2015-05-03
Kobe Bryant,1,2015-05-10
Kobe Bryant,0,2015-05-17
Kobe Bryant,1,2015-05-24
Kobe Bryant,3,2015-05-31
Kobe Bryant,2,2015-06-07
Kobe Bryant,3,2015-06-14
Kobe Bryant,0,2015-02-15
John Gruber,1,2015-02-22
John Gruber,2,2015-03-01
John Gruber,0,2015-03-08
John Gruber,0,2015-03-15
John Gruber,0,2015-03-22
John Gruber,0,2015-03-29
John Gruber,1,2015-04-05
John Gruber,0,2015-04-12
John Gruber,0,2015-04-19
John Gruber,3,2015-04-26
John Gruber,1,2015-05-03
John Gruber,1,2015-05-10
John Gruber,0,2015-05-17
John Gruber,2,2015-05-24
John Gruber,1,2015-05-31
John Gruber,1,2015-06-07
John Gruber,0,2015-02-15
John Gruber,0,2015-06-14
David Marks,1,2015-02-15
David Marks,3,2015-02-22
David Marks,1,2015-03-01
David Marks,1,2015-03-08
David Marks,2,2015-03-15
David Marks,7,2015-03-22
David Marks,4,2015-03-29
David Marks,4,2015-04-05
David Marks,1,2015-04-12
David Marks,0,2015-04-19
David Marks,0,2015-04-26
David Marks,0,2015-05-03
David Marks,0,2015-05-10
David Marks,0,2015-05-17
David Marks,0,2015-05-24
David Marks,0,2015-05-31
David Marks,0,2015-06-07
David Marks,0,2015-06-14
Chicago,3,2015-02-15
Chicago,1,2015-02-22
Chicago,0,2015-03-01
Chicago,1,2015-03-08
Chicago,0,2015-03-15
Chicago,0,2015-03-22
Chicago,0,2015-03-29
Chicago,3,2015-04-05
Chicago,5,2015-04-12
Chicago,5,2015-04-19
Chicago,4,2015-04-26
Chicago,6,2015-05-03
Chicago,3,2015-05-10
Chicago,4,2015-05-17
Chicago,6,2015-05-24
Chicago,2,2015-05-31
Chicago,3,2015-06-07
Chicago,2,2015-06-14
Bill Murray,2,2015-02-22
Bill Murray,0,2015-03-01
Bill Murray,1,2015-03-08
Bill Murray,0,2015-03-15
Bill Murray,1,2015-03-22
Bill Murray,0,2015-03-29
Bill Murray,1,2015-04-05
Bill Murray,0,2015-04-12
Bill Murray,0,2015-04-19
Bill Murray,0,2015-04-26
Bill Murray,1,2015-05-03
Bill Murray,0,2015-05-10
Bill Murray,3,2015-05-17
Bill Murray,1,2015-05-24
Bill Murray,1,2015-05-31
Bill Murray,1,2015-06-07
Bill Murray,0,2015-02-15
Bill Murray,0,2015-06-14
Pat Flynn,1,2015-04-26
Pat Flynn,1,2015-05-03
Pat Flynn,3,2015-05-10
Pat Flynn,1,2015-05-17
Pat Flynn,0,2015-05-24
Pat Flynn,1,2015-05-31
Pat Flynn,1,2015-06-07
Pat Flynn,1,2015-06-14
Pat Flynn,0,2015-04-19
Pat Flynn,0,2015-04-12
Pat Flynn,0,2015-04-05
Pat Flynn,0,2015-03-29
Pat Flynn,0,2015-03-22
Pat Flynn,0,2015-03-15
Pat Flynn,0,2015-03-08
Pat Flynn,0,2015-03-01
Pat Flynn,0,2015-02-22
Pat Flynn,0,2015-02-15
Rick Perry,2,2015-04-12
Rick Perry,2,2015-04-19
Rick Perry,1,2015-04-26
Rick Perry,1,2015-05-03
Rick Perry,1,2015-05-10
Rick Perry,0,2015-05-17
Rick Perry,0,2015-05-24
Rick Perry,1,2015-05-31
Rick Perry,1,2015-06-07
Rick Perry,0,2015-04-05
Rick Perry,0,2015-03-29
Rick Perry,0,2015-03-22
Rick Perry,0,2015-03-15
Rick Perry,0,2015-03-08
Rick Perry,0,2015-03-01
Rick Perry,0,2015-02-22
Rick Perry,0,2015-02-15
Rick Perry,0,2015-06-14
Bashar al Assad,1,2015-02-15
Bashar al Assad,1,2015-02-22
Bashar al Assad,1,2015-03-01
Bashar al Assad,0,2015-03-08
Bashar al Assad,0,2015-03-15
Bashar al Assad,0,2015-03-22
Bashar al Assad,0,2015-03-29
Bashar al Assad,1,2015-04-05
Bashar al Assad,1,2015-04-12
Bashar al Assad,1,2015-04-19
Bashar al Assad,0,2015-04-26
Bashar al Assad,0,2015-05-03
Bashar al Assad,1,2015-05-10
Bashar al Assad,2,2015-05-17
Bashar al Assad,0,2015-05-24
Bashar al Assad,0,2015-05-31
Bashar al Assad,0,2015-06-07
Bashar al Assad,0,2015-06-14
Brad Pitt,1,2015-02-15
Brad Pitt,0,2015-02-22
Brad Pitt,1,2015-03-01
Brad Pitt,0,2015-03-08
Brad Pitt,0,2015-03-15
Brad Pitt,0,2015-03-22
Brad Pitt,0,2015-03-29
Brad Pitt,0,2015-04-05
Brad Pitt,0,2015-04-12
Brad Pitt,0,2015-04-19
Brad Pitt,2,2015-04-26
Brad Pitt,0,2015-05-03
Brad Pitt,0,2015-05-10
Brad Pitt,1,2015-05-17
Brad Pitt,1,2015-05-24
Brad Pitt,2,2015-05-31
Brad Pitt,0,2015-06-07
Brad Pitt,1,2015-06-14
Bruce Jenner,6,2015-04-26
Bruce Jenner,5,2015-05-03
Bruce Jenner,1,2015-05-10
Bruce Jenner,1,2015-05-17
Bruce Jenner,0,2015-05-24
Bruce Jenner,5,2015-05-31
Bruce Jenner,2,2015-06-07
Bruce Jenner,0,2015-04-19
Bruce Jenner,0,2015-04-12
Bruce Jenner,0,2015-04-05
Bruce Jenner,0,2015-03-29
Bruce Jenner,0,2015-03-22
Bruce Jenner,0,2015-03-15
Bruce Jenner,0,2015-03-08
Bruce Jenner,0,2015-03-01
Bruce Jenner,0,2015-02-22
Bruce Jenner,0,2015-02-15
Bruce Jenner,0,2015-06-14
James Harden,1,2015-04-05
James Harden,0,2015-04-12
James Harden,0,2015-04-19
James Harden,0,2015-04-26
James Harden,0,2015-05-03
James Harden,4,2015-05-10
James Harden,5,2015-05-17
James Harden,1,2015-05-24
James Harden,1,2015-05-31
James Harden,2,2015-06-07
James Harden,1,2015-06-14
James Harden,0,2015-03-29
James Harden,0,2015-03-22
James Harden,0,2015-03-15
James Harden,0,2015-03-08
James Harden,0,2015-03-01
James Harden,0,2015-02-22
James Harden,0,2015-02-15
John Snow,3,2015-04-12
John Snow,1,2015-04-19
John Snow,1,2015-04-26
John Snow,2,2015-05-03
John Snow,4,2015-05-10
John Snow,0,2015-05-17
John Snow,3,2015-05-24
John Snow,3,2015-05-31
John Snow,0,2015-06-07
John Snow,1,2015-06-14
John Snow,0,2015-04-05
John Snow,0,2015-03-29
John Snow,0,2015-03-22
John Snow,0,2015-03-15
John Snow,0,2015-03-08
John Snow,0,2015-03-01
John Snow,0,2015-02-22
John Snow,0,2015-02-15
Saddam Hussein,2,2015-02-15
Saddam Hussein,4,2015-02-22
Saddam Hussein,4,2015-03-01
Saddam Hussein,1,2015-03-08
Saddam Hussein,0,2015-03-15
Saddam Hussein,0,2015-03-22
Saddam Hussein,0,2015-03-29
Saddam Hussein,0,2015-04-05
Saddam Hussein,1,2015-04-12
Saddam Hussein,1,2015-04-19
Saddam Hussein,0,2015-04-26
Saddam Hussein,0,2015-05-03
Saddam Hussein,0,2015-05-10
Saddam Hussein,1,2015-05-17
Saddam Hussein,0,2015-05-24
Saddam Hussein,1,2015-05-31
Saddam Hussein,0,2015-06-07
Saddam Hussein,0,2015-06-14
Johnny Carson,1,2015-02-15
Johnny Carson,1,2015-02-22
Johnny Carson,0,2015-03-01
Johnny Carson,0,2015-03-08
Johnny Carson,0,2015-03-15
Johnny Carson,0,2015-03-22
Johnny Carson,0,2015-03-29
Johnny Carson,0,2015-04-05
Johnny Carson,2,2015-04-12
Johnny Carson,0,2015-04-19
Johnny Carson,1,2015-04-26
Johnny Carson,1,2015-05-03
Johnny Carson,3,2015-05-10
Johnny Carson,3,2015-05-17
Johnny Carson,2,2015-05-24
Johnny Carson,0,2015-05-31
Johnny Carson,0,2015-06-07
Johnny Carson,0,2015-06-14
Adam Carolla,1,2015-03-01
Adam Carolla,0,2015-03-08
Adam Carolla,1,2015-03-15
Adam Carolla,0,2015-03-22
Adam Carolla,0,2015-03-29
Adam Carolla,0,2015-04-05
Adam Carolla,1,2015-04-12
Adam Carolla,1,2015-04-19
Adam Carolla,0,2015-04-26
Adam Carolla,1,2015-05-03
Adam Carolla,1,2015-05-10
Adam Carolla,3,2015-05-17
Adam Carolla,6,2015-05-24
Adam Carolla,2,2015-05-31
Adam Carolla,0,2015-02-22
Adam Carolla,0,2015-02-15
Adam Carolla,0,2015-06-07
Adam Carolla,0,2015-06-14
Larry Magid,1,2015-02-15
Larry Magid,3,2015-02-22
Larry Magid,0,2015-03-01
Larry Magid,0,2015-03-08
Larry Magid,0,2015-03-15
Larry Magid,0,2015-03-22
Larry Magid,0,2015-03-29
Larry Magid,1,2015-04-05
Larry Magid,0,2015-04-12
Larry Magid,0,2015-04-19
Larry Magid,0,2015-04-26
Larry Magid,0,2015-05-03
Larry Magid,3,2015-05-10
Larry Magid,1,2015-05-17
Larry Magid,2,2015-05-24
Larry Magid,0,2015-05-31
Larry Magid,0,2015-06-07
Larry Magid,0,2015-06-14
George Clooney,2,2015-02-22
George Clooney,0,2015-03-01
George Clooney,0,2015-03-08
George Clooney,1,2015-03-15
George Clooney,0,2015-03-22
George Clooney,0,2015-03-29
George Clooney,0,2015-04-05
George Clooney,0,2015-04-12
George Clooney,2,2015-04-19
George Clooney,0,2015-04-26
George Clooney,1,2015-05-03
George Clooney,0,2015-05-10
George Clooney,3,2015-05-17
George Clooney,2,2015-05-24
George Clooney,1,2015-05-31
George Clooney,1,2015-06-07
George Clooney,0,2015-02-15
George Clooney,0,2015-06-14
Dick Cheney,2,2015-02-22
Dick Cheney,0,2015-03-01
Dick Cheney,0,2015-03-08
Dick Cheney,1,2015-03-15
Dick Cheney,0,2015-03-22
Dick Cheney,1,2015-03-29
Dick Cheney,1,2015-04-05
Dick Cheney,0,2015-04-12
Dick Cheney,0,2015-04-19
Dick Cheney,1,2015-04-26
Dick Cheney,3,2015-05-03
Dick Cheney,2,2015-05-10
Dick Cheney,1,2015-05-17
Dick Cheney,1,2015-05-24
Dick Cheney,1,2015-05-31
Dick Cheney,1,2015-06-07
Dick Cheney,0,2015-02-15
Dick Cheney,0,2015-06-14
John Roberts,3,2015-02-22
John Roberts,3,2015-03-01
John Roberts,0,2015-03-08
John Roberts,0,2015-03-15
John Roberts,0,2015-03-22
John Roberts,0,2015-03-29
John Roberts,0,2015-04-05
John Roberts,1,2015-04-12
John Roberts,0,2015-04-19
John Roberts,2,2015-04-26
John Roberts,2,2015-05-03
John Roberts,0,2015-05-10
John Roberts,0,2015-05-17
John Roberts,0,2015-05-24
John Roberts,0,2015-05-31
John Roberts,1,2015-06-07
John Roberts,0,2015-02-15
John Roberts,0,2015-06-14
Bruce Willis,1,2015-02-15
Bruce Willis,0,2015-02-22
Bruce Willis,1,2015-03-01
Bruce Willis,0,2015-03-08
Bruce Willis,0,2015-03-15
Bruce Willis,2,2015-03-22
Bruce Willis,0,2015-03-29
Bruce Willis,0,2015-04-05
Bruce Willis,1,2015-04-12
Bruce Willis,0,2015-04-19
Bruce Willis,1,2015-04-26
Bruce Willis,0,2015-05-03
Bruce Willis,1,2015-05-10
Bruce Willis,0,2015-05-17
Bruce Willis,0,2015-05-24
Bruce Willis,1,2015-05-31
Bruce Willis,0,2015-06-07
Bruce Willis,1,2015-06-14
Ron Paul,1,2015-03-08
Ron Paul,1,2015-03-15
Ron Paul,1,2015-03-22
Ron Paul,2,2015-03-29
Ron Paul,0,2015-04-05
Ron Paul,0,2015-04-12
Ron Paul,0,2015-04-19
Ron Paul,1,2015-04-26
Ron Paul,2,2015-05-03
Ron Paul,0,2015-05-10
Ron Paul,0,2015-05-17
Ron Paul,0,2015-05-24
Ron Paul,2,2015-05-31
Ron Paul,0,2015-03-01
Ron Paul,0,2015-02-22
Ron Paul,0,2015-02-15
Ron Paul,0,2015-06-07
Ron Paul,0,2015-06-14
Judd Apatow,1,2015-05-03
Judd Apatow,0,2015-05-10
Judd Apatow,2,2015-05-17
Judd Apatow,1,2015-05-24
Judd Apatow,2,2015-05-31
Judd Apatow,2,2015-06-07
Judd Apatow,4,2015-06-14
Judd Apatow,0,2015-04-26
Judd Apatow,0,2015-04-19
Judd Apatow,0,2015-04-12
Judd Apatow,0,2015-04-05
Judd Apatow,0,2015-03-29
Judd Apatow,0,2015-03-22
Judd Apatow,0,2015-03-15
Judd Apatow,0,2015-03-08
Judd Apatow,0,2015-03-01
Judd Apatow,0,2015-02-22
Judd Apatow,0,2015-02-15
Shaquille O'Neal,1,2015-03-29
Shaquille O'Neal,0,2015-04-05
Shaquille O'Neal,0,2015-04-12
Shaquille O'Neal,1,2015-04-19
Shaquille O'Neal,1,2015-04-26
Shaquille O'Neal,0,2015-05-03
Shaquille O'Neal,0,2015-05-10
Shaquille O'Neal,4,2015-05-17
Shaquille O'Neal,0,2015-05-24
Shaquille O'Neal,2,2015-05-31
Shaquille O'Neal,1,2015-06-07
Shaquille O'Neal,0,2015-03-22
Shaquille O'Neal,0,2015-03-15
Shaquille O'Neal,0,2015-03-08
Shaquille O'Neal,0,2015-03-01
Shaquille O'Neal,0,2015-02-22
Shaquille O'Neal,0,2015-02-15
Shaquille O'Neal,0,2015-06-14
Walter Scott,1,2015-04-05
Walter Scott,4,2015-04-12
Walter Scott,2,2015-04-19
Walter Scott,1,2015-04-26
Walter Scott,1,2015-05-03
Walter Scott,0,2015-05-10
Walter Scott,0,2015-05-17
Walter Scott,1,2015-05-24
Walter Scott,0,2015-03-29
Walter Scott,0,2015-03-22
Walter Scott,0,2015-03-15
Walter Scott,0,2015-03-08
Walter Scott,0,2015-03-01
Walter Scott,0,2015-02-22
Walter Scott,0,2015-02-15
Walter Scott,0,2015-05-31
Walter Scott,0,2015-06-07
Walter Scott,0,2015-06-14
Sarah Palin,1,2015-02-15
Sarah Palin,2,2015-02-22
Sarah Palin,0,2015-03-01
Sarah Palin,1,2015-03-08
Sarah Palin,1,2015-03-15
Sarah Palin,0,2015-03-22
Sarah Palin,0,2015-03-29
Sarah Palin,1,2015-04-05
Sarah Palin,1,2015-04-12
Sarah Palin,1,2015-04-19
Sarah Palin,0,2015-04-26
Sarah Palin,0,2015-05-03
Sarah Palin,0,2015-05-10
Sarah Palin,1,2015-05-17
Sarah Palin,1,2015-05-24
Sarah Palin,1,2015-05-31
Sarah Palin,0,2015-06-07
Sarah Palin,0,2015-06-14
Jay Leno,1,2015-02-15
Jay Leno,1,2015-02-22
Jay Leno,0,2015-03-01
Jay Leno,1,2015-03-08
Jay Leno,0,2015-03-15
Jay Leno,0,2015-03-22
Jay Leno,0,2015-03-29
Jay Leno,0,2015-04-05
Jay Leno,2,2015-04-12
Jay Leno,0,2015-04-19
Jay Leno,1,2015-04-26
Jay Leno,0,2015-05-03
Jay Leno,3,2015-05-10
Jay Leno,0,2015-05-17
Jay Leno,2,2015-05-24
Jay Leno,1,2015-05-31
Jay Leno,0,2015-06-07
Jay Leno,1,2015-06-14
Rodney King,1,2015-02-22
Rodney King,2,2015-03-01
Rodney King,1,2015-03-08
Rodney King,0,2015-03-15
Rodney King,0,2015-03-22
Rodney King,0,2015-03-29
Rodney King,2,2015-04-05
Rodney King,1,2015-04-12
Rodney King,0,2015-04-19
Rodney King,1,2015-04-26
Rodney King,1,2015-05-03
Rodney King,0,2015-05-10
Rodney King,0,2015-05-17
Rodney King,1,2015-05-24
Rodney King,0,2015-02-15
Rodney King,0,2015-05-31
Rodney King,0,2015-06-07
Rodney King,0,2015-06-14
Ronald Reagan,2,2015-02-15
Ronald Reagan,2,2015-02-22
Ronald Reagan,2,2015-03-01
Ronald Reagan,2,2015-03-08
Ronald Reagan,1,2015-03-15
Ronald Reagan,0,2015-03-22
Ronald Reagan,1,2015-03-29
Ronald Reagan,0,2015-04-05
Ronald Reagan,5,2015-04-12
Ronald Reagan,2,2015-04-19
Ronald Reagan,0,2015-04-26
Ronald Reagan,2,2015-05-03
Ronald Reagan,2,2015-05-10
Ronald Reagan,1,2015-05-17
Ronald Reagan,0,2015-05-24
Ronald Reagan,1,2015-05-31
Ronald Reagan,2,2015-06-07
Ronald Reagan,0,2015-06-14
Marco Rubio,1,2015-02-15
Marco Rubio,1,2015-02-22
Marco Rubio,0,2015-03-01
Marco Rubio,1,2015-03-08
Marco Rubio,0,2015-03-15
Marco Rubio,1,2015-03-22
Marco Rubio,0,2015-03-29
Marco Rubio,1,2015-04-05
Marco Rubio,11,2015-04-12
Marco Rubio,3,2015-04-19
Marco Rubio,2,2015-04-26
Marco Rubio,1,2015-05-03
Marco Rubio,1,2015-05-10
Marco Rubio,0,2015-05-17
Marco Rubio,1,2015-05-24
Marco Rubio,0,2015-05-31
Marco Rubio,1,2015-06-07
Marco Rubio,0,2015-06-14
John Dickerson,3,2015-02-22
John Dickerson,0,2015-03-01
John Dickerson,0,2015-03-08
John Dickerson,0,2015-03-15
John Dickerson,0,2015-03-22
John Dickerson,0,2015-03-29
John Dickerson,0,2015-04-05
John Dickerson,1,2015-04-12
John Dickerson,1,2015-04-19
John Dickerson,0,2015-04-26
John Dickerson,1,2015-05-03
John Dickerson,1,2015-05-10
John Dickerson,1,2015-05-17
John Dickerson,1,2015-05-24
John Dickerson,0,2015-02-15
John Dickerson,0,2015-05-31
John Dickerson,0,2015-06-07
John Dickerson,0,2015-06-14
Stephen Hawking,2,2015-02-15
Stephen Hawking,3,2015-02-22
Stephen Hawking,0,2015-03-01
Stephen Hawking,0,2015-03-08
Stephen Hawking,0,2015-03-15
Stephen Hawking,0,2015-03-22
Stephen Hawking,0,2015-03-29
Stephen Hawking,3,2015-04-05
Stephen Hawking,2,2015-04-12
Stephen Hawking,1,2015-04-19
Stephen Hawking,2,2015-04-26
Stephen Hawking,1,2015-05-03
Stephen Hawking,2,2015-05-10
Stephen Hawking,0,2015-05-17
Stephen Hawking,0,2015-05-24
Stephen Hawking,1,2015-05-31
Stephen Hawking,0,2015-06-07
Stephen Hawking,1,2015-06-14
David,2,2015-02-15
David,0,2015-02-22
David,2,2015-03-01
David,1,2015-03-08
David,0,2015-03-15
David,2,2015-03-22
David,2,2015-03-29
David,0,2015-04-05
David,0,2015-04-12
David,0,2015-04-19
David,1,2015-04-26
David,2,2015-05-03
David,1,2015-05-10
David,2,2015-05-17
David,2,2015-05-24
David,2,2015-05-31
David,0,2015-06-07
David,1,2015-06-14
Bernie Sanders,1,2015-03-01
Bernie Sanders,0,2015-03-08
Bernie Sanders,1,2015-03-15
Bernie Sanders,0,2015-03-22
Bernie Sanders,4,2015-03-29
Bernie Sanders,0,2015-04-05
Bernie Sanders,3,2015-04-12
Bernie Sanders,0,2015-04-19
Bernie Sanders,3,2015-04-26
Bernie Sanders,3,2015-05-03
Bernie Sanders,0,2015-05-10
Bernie Sanders,0,2015-05-17
Bernie Sanders,1,2015-05-24
Bernie Sanders,1,2015-05-31
Bernie Sanders,0,2015-02-22
Bernie Sanders,0,2015-02-15
Bernie Sanders,0,2015-06-07
Bernie Sanders,0,2015-06-14
Tom Hanks,3,2015-05-10
Tom Hanks,3,2015-05-17
Tom Hanks,2,2015-05-24
Tom Hanks,3,2015-05-31
Tom Hanks,2,2015-06-07
Tom Hanks,0,2015-05-03
Tom Hanks,0,2015-04-26
Tom Hanks,0,2015-04-19
Tom Hanks,0,2015-04-12
Tom Hanks,0,2015-04-05
Tom Hanks,0,2015-03-29
Tom Hanks,0,2015-03-22
Tom Hanks,0,2015-03-15
Tom Hanks,0,2015-03-08
Tom Hanks,0,2015-03-01
Tom Hanks,0,2015-02-22
Tom Hanks,0,2015-02-15
Tom Hanks,0,2015-06-14
Bill Nye,2,2015-04-19
Bill Nye,1,2015-04-26
Bill Nye,1,2015-05-03
Bill Nye,0,2015-05-10
Bill Nye,1,2015-05-17
Bill Nye,1,2015-05-24
Bill Nye,3,2015-05-31
Bill Nye,0,2015-06-07
Bill Nye,0,2015-06-14
Bill Nye,1,2015-06-21
Bill Nye,0,2015-04-12
Bill Nye,0,2015-04-05
Bill Nye,0,2015-03-29
Bill Nye,0,2015-03-22
Bill Nye,0,2015-03-15
Bill Nye,0,2015-03-08
Bill Nye,0,2015-03-01
Bill Nye,0,2015-02-22
Bill Nye,0,2015-02-15
Ed Miliband,2,2015-04-12
Ed Miliband,1,2015-04-19
Ed Miliband,4,2015-04-26
Ed Miliband,3,2015-05-03
Ed Miliband,1,2015-05-10
Ed Miliband,0,2015-04-05
Ed Miliband,0,2015-03-29
Ed Miliband,0,2015-03-22
Ed Miliband,0,2015-03-15
Ed Miliband,0,2015-03-08
Ed Miliband,0,2015-03-01
Ed Miliband,0,2015-02-22
Ed Miliband,0,2015-02-15
Ed Miliband,0,2015-05-17
Ed Miliband,0,2015-05-24
Ed Miliband,0,2015-05-31
Ed Miliband,0,2015-06-07
Ed Miliband,0,2015-06-14
Rupert Murdoch,1,2015-02-15
Rupert Murdoch,0,2015-02-22
Rupert Murdoch,0,2015-03-01
Rupert Murdoch,0,2015-03-08
Rupert Murdoch,0,2015-03-15
Rupert Murdoch,0,2015-03-22
Rupert Murdoch,0,2015-03-29
Rupert Murdoch,1,2015-04-05
Rupert Murdoch,1,2015-04-12
Rupert Murdoch,1,2015-04-19
Rupert Murdoch,2,2015-04-26
Rupert Murdoch,0,2015-05-03
Rupert Murdoch,0,2015-05-10
Rupert Murdoch,1,2015-05-17
Rupert Murdoch,2,2015-05-24
Rupert Murdoch,1,2015-05-31
Rupert Murdoch,0,2015-06-07
Rupert Murdoch,0,2015-06-14
Leo Laporte,1,2015-03-01
Leo Laporte,1,2015-03-08
Leo Laporte,1,2015-03-15
Leo Laporte,2,2015-03-22
Leo Laporte,1,2015-03-29
Leo Laporte,1,2015-04-05
Leo Laporte,0,2015-04-12
Leo Laporte,0,2015-04-19
Leo Laporte,2,2015-04-26
Leo Laporte,1,2015-05-03
Leo Laporte,2,2015-05-10
Leo Laporte,2,2015-05-17
Leo Laporte,0,2015-02-22
Leo Laporte,0,2015-02-15
Leo Laporte,0,2015-05-24
Leo Laporte,0,2015-05-31
Leo Laporte,0,2015-06-07
Leo Laporte,0,2015-06-14
Chris Hardwick,1,2015-02-15
Chris Hardwick,2,2015-02-22
Chris Hardwick,0,2015-03-01
Chris Hardwick,0,2015-03-08
Chris Hardwick,0,2015-03-15
Chris Hardwick,0,2015-03-22
Chris Hardwick,1,2015-03-29
Chris Hardwick,0,2015-04-05
Chris Hardwick,0,2015-04-12
Chris Hardwick,0,2015-04-19
Chris Hardwick,1,2015-04-26
Chris Hardwick,1,2015-05-03
Chris Hardwick,0,2015-05-10
Chris Hardwick,2,2015-05-17
Chris Hardwick,0,2015-05-24
Chris Hardwick,1,2015-05-31
Chris Hardwick,0,2015-06-07
Chris Hardwick,0,2015-06-14
George Carlin,1,2015-03-29
George Carlin,0,2015-04-05
George Carlin,0,2015-04-12
George Carlin,0,2015-04-19
George Carlin,2,2015-04-26
George Carlin,1,2015-05-03
George Carlin,1,2015-05-10
George Carlin,2,2015-05-17
George Carlin,1,2015-05-24
George Carlin,1,2015-05-31
George Carlin,1,2015-06-07
George Carlin,0,2015-03-22
George Carlin,0,2015-03-15
George Carlin,0,2015-03-08
George Carlin,0,2015-03-01
George Carlin,0,2015-02-22
George Carlin,0,2015-02-15
George Carlin,0,2015-06-14
Carl Sagan,1,2015-02-22
Carl Sagan,0,2015-03-01
Carl Sagan,0,2015-03-08
Carl Sagan,2,2015-03-15
Carl Sagan,1,2015-03-22
Carl Sagan,0,2015-03-29
Carl Sagan,0,2015-04-05
Carl Sagan,1,2015-04-12
Carl Sagan,1,2015-04-19
Carl Sagan,1,2015-04-26
Carl Sagan,0,2015-05-03
Carl Sagan,0,2015-05-10
Carl Sagan,0,2015-05-17
Carl Sagan,0,2015-05-24
Carl Sagan,0,2015-05-31
Carl Sagan,2,2015-06-07
Carl Sagan,0,2015-02-15
Carl Sagan,0,2015-06-14
Mike Tyson,1,2015-02-22
Mike Tyson,1,2015-03-01
Mike Tyson,0,2015-03-08
Mike Tyson,0,2015-03-15
Mike Tyson,0,2015-03-22
Mike Tyson,0,2015-03-29
Mike Tyson,1,2015-04-05
Mike Tyson,0,2015-04-12
Mike Tyson,0,2015-04-19
Mike Tyson,0,2015-04-26
Mike Tyson,0,2015-05-03
Mike Tyson,1,2015-05-10
Mike Tyson,1,2015-05-17
Mike Tyson,0,2015-05-24
Mike Tyson,2,2015-05-31
Mike Tyson,2,2015-06-07
Mike Tyson,0,2015-02-15
Mike Tyson,0,2015-06-14
Roger Goodell,1,2015-04-19
Roger Goodell,0,2015-04-26
Roger Goodell,0,2015-05-03
Roger Goodell,2,2015-05-10
Roger Goodell,6,2015-05-17
Roger Goodell,2,2015-05-24
Roger Goodell,2,2015-05-31
Roger Goodell,1,2015-06-07
Roger Goodell,0,2015-04-12
Roger Goodell,0,2015-04-05
Roger Goodell,0,2015-03-29
Roger Goodell,0,2015-03-22
Roger Goodell,0,2015-03-15
Roger Goodell,0,2015-03-08
Roger Goodell,0,2015-03-01
Roger Goodell,0,2015-02-22
Roger Goodell,0,2015-02-15
Roger Goodell,0,2015-06-14
Bill Cosby,1,2015-02-22
Bill Cosby,1,2015-03-01
Bill Cosby,0,2015-03-08
Bill Cosby,0,2015-03-15
Bill Cosby,1,2015-03-22
Bill Cosby,0,2015-03-29
Bill Cosby,0,2015-04-05
Bill Cosby,0,2015-04-12
Bill Cosby,1,2015-04-19
Bill Cosby,0,2015-04-26
Bill Cosby,1,2015-05-03
Bill Cosby,0,2015-05-10
Bill Cosby,2,2015-05-17
Bill Cosby,0,2015-05-24
Bill Cosby,1,2015-05-31
Bill Cosby,1,2015-06-07
Bill Cosby,0,2015-02-15
Bill Cosby,0,2015-06-14
Kevin Spacey,2,2015-02-15
Kevin Spacey,2,2015-02-22
Kevin Spacey,0,2015-03-01
Kevin Spacey,0,2015-03-08
Kevin Spacey,1,2015-03-15
Kevin Spacey,0,2015-03-22
Kevin Spacey,0,2015-03-29
Kevin Spacey,1,2015-04-05
Kevin Spacey,1,2015-04-12
Kevin Spacey,0,2015-04-19
Kevin Spacey,0,2015-04-26
Kevin Spacey,0,2015-05-03
Kevin Spacey,0,2015-05-10
Kevin Spacey,1,2015-05-17
Kevin Spacey,0,2015-05-24
Kevin Spacey,1,2015-05-31
Kevin Spacey,1,2015-06-07
Kevin Spacey,0,2015-06-14
Julie Myers,2,2015-02-15
Julie Myers,1,2015-02-22
Julie Myers,2,2015-03-01
Julie Myers,2,2015-03-08
Julie Myers,0,2015-03-15
Julie Myers,4,2015-03-22
Julie Myers,1,2015-03-29
Julie Myers,5,2015-04-05
Julie Myers,3,2015-04-12
Julie Myers,0,2015-04-19
Julie Myers,0,2015-04-26
Julie Myers,0,2015-05-03
Julie Myers,0,2015-05-10
Julie Myers,0,2015-05-17
Julie Myers,0,2015-05-24
Julie Myers,0,2015-05-31
Julie Myers,0,2015-06-07
Julie Myers,0,2015-06-14
Elvis Mitchell,4,2015-02-15
Elvis Mitchell,2,2015-02-22
Elvis Mitchell,1,2015-03-01
Elvis Mitchell,3,2015-03-08
Elvis Mitchell,0,2015-03-15
Elvis Mitchell,0,2015-03-22
Elvis Mitchell,0,2015-03-29
Elvis Mitchell,0,2015-04-05
Elvis Mitchell,0,2015-04-12
Elvis Mitchell,0,2015-04-19
Elvis Mitchell,0,2015-04-26
Elvis Mitchell,0,2015-05-03
Elvis Mitchell,0,2015-05-10
Elvis Mitchell,0,2015-05-17
Elvis Mitchell,0,2015-05-24
Elvis Mitchell,0,2015-05-31
Elvis Mitchell,0,2015-06-07
Elvis Mitchell,0,2015-06-14
Paul McCartney,2,2015-02-22
Paul McCartney,0,2015-03-01
Paul McCartney,0,2015-03-08
Paul McCartney,0,2015-03-15
Paul McCartney,0,2015-03-22
Paul McCartney,0,2015-03-29
Paul McCartney,0,2015-04-05
Paul McCartney,1,2015-04-12
Paul McCartney,1,2015-04-19
Paul McCartney,1,2015-04-26
Paul McCartney,2,2015-05-03
Paul McCartney,0,2015-05-10
Paul McCartney,1,2015-05-17
Paul McCartney,2,2015-05-24
Paul McCartney,1,2015-05-31
Paul McCartney,0,2015-02-15
Paul McCartney,0,2015-06-07
Paul McCartney,0,2015-06-14
Nancy Updike,1,2015-03-22
Nancy Updike,1,2015-03-29
Nancy Updike,1,2015-04-05
Nancy Updike,1,2015-04-12
Nancy Updike,1,2015-04-19
Nancy Updike,0,2015-04-26
Nancy Updike,1,2015-05-03
Nancy Updike,0,2015-05-10
Nancy Updike,0,2015-05-17
Nancy Updike,1,2015-05-24
Nancy Updike,1,2015-05-31
Nancy Updike,0,2015-06-07
Nancy Updike,1,2015-06-14
Nancy Updike,0,2015-03-15
Nancy Updike,0,2015-03-08
Nancy Updike,0,2015-03-01
Nancy Updike,0,2015-02-22
Nancy Updike,0,2015-02-15
Vladimir Putin,1,2015-02-15
Vladimir Putin,1,2015-02-22
Vladimir Putin,2,2015-03-01
Vladimir Putin,1,2015-03-08
Vladimir Putin,1,2015-03-15
Vladimir Putin,0,2015-03-22
Vladimir Putin,0,2015-03-29
Vladimir Putin,1,2015-04-05
Vladimir Putin,1,2015-04-12
Vladimir Putin,1,2015-04-19
Vladimir Putin,1,2015-04-26
Vladimir Putin,1,2015-05-03
Vladimir Putin,1,2015-05-10
Vladimir Putin,0,2015-05-17
Vladimir Putin,0,2015-05-24
Vladimir Putin,2,2015-05-31
Vladimir Putin,0,2015-06-07
Vladimir Putin,0,2015-06-14
George Washington,2,2015-03-01
George Washington,0,2015-03-08
George Washington,1,2015-03-15
George Washington,0,2015-03-22
George Washington,0,2015-03-29
George Washington,0,2015-04-05
George Washington,5,2015-04-12
George Washington,0,2015-04-19
George Washington,0,2015-04-26
George Washington,2,2015-05-03
George Washington,1,2015-05-10
George Washington,1,2015-05-17
George Washington,3,2015-05-24
George Washington,1,2015-05-31
George Washington,2,2015-06-07
George Washington,0,2015-02-22
George Washington,0,2015-02-15
George Washington,0,2015-06-14
Bill Clinton,2,2015-02-15
Bill Clinton,0,2015-02-22
Bill Clinton,1,2015-03-01
Bill Clinton,1,2015-03-08
Bill Clinton,1,2015-03-15
Bill Clinton,1,2015-03-22
Bill Clinton,2,2015-03-29
Bill Clinton,2,2015-04-05
Bill Clinton,2,2015-04-12
Bill Clinton,0,2015-04-19
Bill Clinton,3,2015-04-26
Bill Clinton,3,2015-05-03
Bill Clinton,3,2015-05-10
Bill Clinton,2,2015-05-17
Bill Clinton,1,2015-05-24
Bill Clinton,1,2015-05-31
Bill Clinton,0,2015-06-07
Bill Clinton,0,2015-06-14
Woody Allen,1,2015-03-01
Woody Allen,0,2015-03-08
Woody Allen,0,2015-03-15
Woody Allen,1,2015-03-22
Woody Allen,0,2015-03-29
Woody Allen,1,2015-04-05
Woody Allen,2,2015-04-12
Woody Allen,0,2015-04-19
Woody Allen,0,2015-04-26
Woody Allen,0,2015-05-03
Woody Allen,0,2015-05-10
Woody Allen,2,2015-05-17
Woody Allen,3,2015-05-24
Woody Allen,2,2015-05-31
Woody Allen,1,2015-06-07
Woody Allen,0,2015-06-14
Woody Allen,1,2015-06-21
Woody Allen,0,2015-02-22
Woody Allen,0,2015-02-15
Steve Jobs,5,2015-02-15
Steve Jobs,3,2015-02-22
Steve Jobs,5,2015-03-01
Steve Jobs,1,2015-03-08
Steve Jobs,3,2015-03-15
Steve Jobs,2,2015-03-22
Steve Jobs,0,2015-03-29
Steve Jobs,2,2015-04-05
Steve Jobs,3,2015-04-12
Steve Jobs,3,2015-04-19
Steve Jobs,11,2015-04-26
Steve Jobs,3,2015-05-03
Steve Jobs,5,2015-05-10
Steve Jobs,5,2015-05-17
Steve Jobs,4,2015-05-24
Steve Jobs,1,2015-05-31
Steve Jobs,1,2015-06-07
Steve Jobs,0,2015-06-14
Kanye West,2,2015-02-15
Kanye West,0,2015-02-22
Kanye West,1,2015-03-01
Kanye West,0,2015-03-08
Kanye West,1,2015-03-15
Kanye West,0,2015-03-22
Kanye West,2,2015-03-29
Kanye West,0,2015-04-05
Kanye West,1,2015-04-12
Kanye West,1,2015-04-19
Kanye West,1,2015-04-26
Kanye West,0,2015-05-03
Kanye West,1,2015-05-10
Kanye West,2,2015-05-17
Kanye West,1,2015-05-24
Kanye West,2,2015-05-31
Kanye West,0,2015-06-07
Kanye West,1,2015-06-14
Albert Einstein,1,2015-03-08
Albert Einstein,0,2015-03-15
Albert Einstein,0,2015-03-22
Albert Einstein,1,2015-03-29
Albert Einstein,0,2015-04-05
Albert Einstein,1,2015-04-12
Albert Einstein,0,2015-04-19
Albert Einstein,1,2015-04-26
Albert Einstein,2,2015-05-03
Albert Einstein,0,2015-05-10
Albert Einstein,3,2015-05-17
Albert Einstein,2,2015-05-24
Albert Einstein,0,2015-03-01
Albert Einstein,0,2015-02-22
Albert Einstein,0,2015-02-15
Albert Einstein,0,2015-05-31
Albert Einstein,0,2015-06-07
Albert Einstein,0,2015-06-14
Jerry Brown,1,2015-02-15
Jerry Brown,1,2015-02-22
Jerry Brown,0,2015-03-01
Jerry Brown,1,2015-03-08
Jerry Brown,6,2015-03-15
Jerry Brown,0,2015-03-22
Jerry Brown,5,2015-03-29
Jerry Brown,8,2015-04-05
Jerry Brown,4,2015-04-12
Jerry Brown,0,2015-04-19
Jerry Brown,0,2015-04-26
Jerry Brown,1,2015-05-03
Jerry Brown,0,2015-05-10
Jerry Brown,1,2015-05-17
Jerry Brown,0,2015-05-24
Jerry Brown,0,2015-05-31
Jerry Brown,0,2015-06-07
Jerry Brown,0,2015-06-14
Paul Feig,1,2015-03-01
Paul Feig,0,2015-03-08
Paul Feig,0,2015-03-15
Paul Feig,0,2015-03-22
Paul Feig,0,2015-03-29
Paul Feig,0,2015-04-05
Paul Feig,0,2015-04-12
Paul Feig,0,2015-04-19
Paul Feig,0,2015-04-26
Paul Feig,0,2015-05-03
Paul Feig,0,2015-05-10
Paul Feig,0,2015-05-17
Paul Feig,1,2015-05-24
Paul Feig,4,2015-05-31
Paul Feig,2,2015-06-07
Paul Feig,2,2015-06-14
Paul Feig,0,2015-02-22
Paul Feig,0,2015-02-15
Harry Reid,1,2015-02-15
Harry Reid,1,2015-02-22
Harry Reid,1,2015-03-01
Harry Reid,1,2015-03-08
Harry Reid,0,2015-03-15
Harry Reid,1,2015-03-22
Harry Reid,1,2015-03-29
Harry Reid,0,2015-04-05
Harry Reid,0,2015-04-12
Harry Reid,1,2015-04-19
Harry Reid,0,2015-04-26
Harry Reid,0,2015-05-03
Harry Reid,2,2015-05-10
Harry Reid,0,2015-05-17
Harry Reid,1,2015-05-24
Harry Reid,0,2015-05-31
Harry Reid,0,2015-06-07
Harry Reid,0,2015-06-14
Kevin Durant,1,2015-02-15
Kevin Durant,1,2015-02-22
Kevin Durant,0,2015-03-01
Kevin Durant,0,2015-03-08
Kevin Durant,0,2015-03-15
Kevin Durant,0,2015-03-22
Kevin Durant,0,2015-03-29
Kevin Durant,1,2015-04-05
Kevin Durant,0,2015-04-12
Kevin Durant,0,2015-04-19
Kevin Durant,1,2015-04-26
Kevin Durant,0,2015-05-03
Kevin Durant,2,2015-05-10
Kevin Durant,0,2015-05-17
Kevin Durant,2,2015-05-24
Kevin Durant,1,2015-05-31
Kevin Durant,1,2015-06-07
Kevin Durant,0,2015-06-14
B.B. King,1,2015-04-26
B.B. King,0,2015-05-03
B.B. King,3,2015-05-10
B.B. King,2,2015-05-17
B.B. King,1,2015-05-24
B.B. King,1,2015-05-31
B.B. King,0,2015-06-07
B.B. King,1,2015-06-14
B.B. King,0,2015-04-19
B.B. King,0,2015-04-12
B.B. King,0,2015-04-05
B.B. King,0,2015-03-29
B.B. King,0,2015-03-22
B.B. King,0,2015-03-15
B.B. King,0,2015-03-08
B.B. King,0,2015-03-01
B.B. King,0,2015-02-22
B.B. King,0,2015-02-15
God,1,2015-03-15
God,1,2015-03-22
God,0,2015-03-29
God,0,2015-04-05
God,0,2015-04-12
God,1,2015-04-19
God,0,2015-04-26
God,1,2015-05-03
God,2,2015-05-10
God,2,2015-05-17
God,0,2015-05-24
God,1,2015-05-31
God,1,2015-06-07
God,1,2015-06-14
God,0,2015-03-08
God,0,2015-03-01
God,0,2015-02-22
God,0,2015-02-15
Conan O'Brien,2,2015-02-22
Conan O'Brien,0,2015-03-01
Conan O'Brien,0,2015-03-08
Conan O'Brien,0,2015-03-15
Conan O'Brien,1,2015-03-22
Conan O'Brien,0,2015-03-29
Conan O'Brien,0,2015-04-05
Conan O'Brien,1,2015-04-12
Conan O'Brien,1,2015-04-19
Conan O'Brien,0,2015-04-26
Conan O'Brien,0,2015-05-03
Conan O'Brien,0,2015-05-10
Conan O'Brien,1,2015-05-17
Conan O'Brien,2,2015-05-24
Conan O'Brien,1,2015-05-31
Conan O'Brien,0,2015-02-15
Conan O'Brien,0,2015-06-07
Conan O'Brien,0,2015-06-14
Justin Bieber,4,2015-02-15
Justin Bieber,0,2015-02-22
Justin Bieber,3,2015-03-01
Justin Bieber,1,2015-03-08
Justin Bieber,1,2015-03-15
Justin Bieber,0,2015-03-22
Justin Bieber,0,2015-03-29
Justin Bieber,0,2015-04-05
Justin Bieber,2,2015-04-12
Justin Bieber,1,2015-04-19
Justin Bieber,1,2015-04-26
Justin Bieber,0,2015-05-03
Justin Bieber,1,2015-05-10
Justin Bieber,1,2015-05-17
Justin Bieber,1,2015-05-24
Justin Bieber,1,2015-05-31
Justin Bieber,1,2015-06-07
Justin Bieber,0,2015-06-14
John Lennon,1,2015-04-12
John Lennon,0,2015-04-19
John Lennon,1,2015-04-26
John Lennon,0,2015-05-03
John Lennon,1,2015-05-10
John Lennon,3,2015-05-17
John Lennon,3,2015-05-24
John Lennon,1,2015-05-31
John Lennon,3,2015-06-07
John Lennon,0,2015-04-05
John Lennon,0,2015-03-29
John Lennon,0,2015-03-22
John Lennon,0,2015-03-15
John Lennon,0,2015-03-08
John Lennon,0,2015-03-01
John Lennon,0,2015-02-22
John Lennon,0,2015-02-15
John Lennon,0,2015-06-14
Tony Kornheiser,3,2015-05-17
Tony Kornheiser,1,2015-05-24
Tony Kornheiser,2,2015-05-31
Tony Kornheiser,2,2015-06-07
Tony Kornheiser,4,2015-06-14
Tony Kornheiser,0,2015-05-10
Tony Kornheiser,0,2015-05-03
Tony Kornheiser,0,2015-04-26
Tony Kornheiser,0,2015-04-19
Tony Kornheiser,0,2015-04-12
Tony Kornheiser,0,2015-04-05
Tony Kornheiser,0,2015-03-29
Tony Kornheiser,0,2015-03-22
Tony Kornheiser,0,2015-03-15
Tony Kornheiser,0,2015-03-08
Tony Kornheiser,0,2015-03-01
Tony Kornheiser,0,2015-02-22
Tony Kornheiser,0,2015-02-15
Lena Dunham,2,2015-04-12
Lena Dunham,1,2015-04-19
Lena Dunham,0,2015-04-26
Lena Dunham,0,2015-05-03
Lena Dunham,2,2015-05-10
Lena Dunham,1,2015-05-17
Lena Dunham,2,2015-05-24
Lena Dunham,2,2015-05-31
Lena Dunham,0,2015-06-07
Lena Dunham,1,2015-06-14
Lena Dunham,0,2015-04-05
Lena Dunham,0,2015-03-29
Lena Dunham,0,2015-03-22
Lena Dunham,0,2015-03-15
Lena Dunham,0,2015-03-08
Lena Dunham,0,2015-03-01
Lena Dunham,0,2015-02-22
Lena Dunham,0,2015-02-15
Tiger Woods,1,2015-04-12
Tiger Woods,1,2015-04-19
Tiger Woods,0,2015-04-26
Tiger Woods,0,2015-05-03
Tiger Woods,0,2015-05-10
Tiger Woods,2,2015-05-17
Tiger Woods,0,2015-05-24
Tiger Woods,1,2015-05-31
Tiger Woods,1,2015-06-07
Tiger Woods,3,2015-06-14
Tiger Woods,0,2015-04-05
Tiger Woods,0,2015-03-29
Tiger Woods,0,2015-03-22
Tiger Woods,0,2015-03-15
Tiger Woods,0,2015-03-08
Tiger Woods,0,2015-03-01
Tiger Woods,0,2015-02-22
Tiger Woods,0,2015-02-15
Jon Snow,4,2015-04-12
Jon Snow,2,2015-04-19
Jon Snow,0,2015-04-26
Jon Snow,2,2015-05-03
Jon Snow,3,2015-05-10
Jon Snow,1,2015-05-17
Jon Snow,1,2015-05-24
Jon Snow,3,2015-05-31
Jon Snow,1,2015-06-07
Jon Snow,4,2015-06-14
Jon Snow,0,2015-04-05
Jon Snow,0,2015-03-29
Jon Snow,0,2015-03-22
Jon Snow,0,2015-03-15
Jon Snow,0,2015-03-08
Jon Snow,0,2015-03-01
Jon Snow,0,2015-02-22
Jon Snow,0,2015-02-15
Larry Bird,1,2015-02-22
Larry Bird,0,2015-03-01
Larry Bird,0,2015-03-08
Larry Bird,0,2015-03-15
Larry Bird,0,2015-03-22
Larry Bird,0,2015-03-29
Larry Bird,0,2015-04-05
Larry Bird,0,2015-04-12
Larry Bird,0,2015-04-19
Larry Bird,0,2015-04-26
Larry Bird,0,2015-05-03
Larry Bird,0,2015-05-10
Larry Bird,2,2015-05-17
Larry Bird,2,2015-05-24
Larry Bird,3,2015-05-31
Larry Bird,2,2015-06-07
Larry Bird,1,2015-06-14
Larry Bird,0,2015-02-15
Jimmy Kimmel,1,2015-02-22
Jimmy Kimmel,2,2015-03-01
Jimmy Kimmel,0,2015-03-08
Jimmy Kimmel,1,2015-03-15
Jimmy Kimmel,0,2015-03-22
Jimmy Kimmel,0,2015-03-29
Jimmy Kimmel,0,2015-04-05
Jimmy Kimmel,2,2015-04-12
Jimmy Kimmel,0,2015-04-19
Jimmy Kimmel,1,2015-04-26
Jimmy Kimmel,0,2015-05-03
Jimmy Kimmel,1,2015-05-10
Jimmy Kimmel,3,2015-05-17
Jimmy Kimmel,5,2015-05-24
Jimmy Kimmel,1,2015-05-31
Jimmy Kimmel,0,2015-02-15
Jimmy Kimmel,0,2015-06-07
Jimmy Kimmel,0,2015-06-14
Kevin Love,1,2015-05-10
Kevin Love,5,2015-05-17
Kevin Love,2,2015-05-24
Kevin Love,7,2015-05-31
Kevin Love,2,2015-06-07
Kevin Love,2,2015-06-14
Kevin Love,0,2015-05-03
Kevin Love,0,2015-04-26
Kevin Love,0,2015-04-19
Kevin Love,0,2015-04-12
Kevin Love,0,2015-04-05
Kevin Love,0,2015-03-29
Kevin Love,0,2015-03-22
Kevin Love,0,2015-03-15
Kevin Love,0,2015-03-08
Kevin Love,0,2015-03-01
Kevin Love,0,2015-02-22
Kevin Love,0,2015-02-15
Michael Jordan,1,2015-02-15
Michael Jordan,1,2015-02-22
Michael Jordan,0,2015-03-01
Michael Jordan,1,2015-03-08
Michael Jordan,1,2015-03-15
Michael Jordan,1,2015-03-22
Michael Jordan,2,2015-03-29
Michael Jordan,0,2015-04-05
Michael Jordan,0,2015-04-12
Michael Jordan,0,2015-04-19
Michael Jordan,2,2015-04-26
Michael Jordan,0,2015-05-03
Michael Jordan,4,2015-05-10
Michael Jordan,6,2015-05-17
Michael Jordan,1,2015-05-24
Michael Jordan,5,2015-05-31
Michael Jordan,4,2015-06-07
Michael Jordan,5,2015-06-14
Steven Spielberg,2,2015-02-15
Steven Spielberg,0,2015-02-22
Steven Spielberg,0,2015-03-01
Steven Spielberg,0,2015-03-08
Steven Spielberg,0,2015-03-15
Steven Spielberg,0,2015-03-22
Steven Spielberg,0,2015-03-29
Steven Spielberg,0,2015-04-05
Steven Spielberg,0,2015-04-12
Steven Spielberg,1,2015-04-19
Steven Spielberg,1,2015-04-26
Steven Spielberg,2,2015-05-03
Steven Spielberg,0,2015-05-10
Steven Spielberg,1,2015-05-17
Steven Spielberg,0,2015-05-24
Steven Spielberg,2,2015-05-31
Steven Spielberg,0,2015-06-07
Steven Spielberg,0,2015-06-14
Bill Gates,3,2015-02-15
Bill Gates,1,2015-02-22
Bill Gates,0,2015-03-01
Bill Gates,0,2015-03-08
Bill Gates,0,2015-03-15
Bill Gates,0,2015-03-22
Bill Gates,0,2015-03-29
Bill Gates,2,2015-04-05
Bill Gates,1,2015-04-12
Bill Gates,1,2015-04-19
Bill Gates,2,2015-04-26
Bill Gates,3,2015-05-03
Bill Gates,3,2015-05-10
Bill Gates,2,2015-05-17
Bill Gates,1,2015-05-24
Bill Gates,1,2015-05-31
Bill Gates,0,2015-06-07
Bill Gates,1,2015-06-14
Steve Kerr,1,2015-05-10
Steve Kerr,1,2015-05-17
Steve Kerr,0,2015-05-24
Steve Kerr,1,2015-05-31
Steve Kerr,5,2015-06-07
Steve Kerr,2,2015-06-14
Steve Kerr,0,2015-05-03
Steve Kerr,0,2015-04-26
Steve Kerr,0,2015-04-19
Steve Kerr,0,2015-04-12
Steve Kerr,0,2015-04-05
Steve Kerr,0,2015-03-29
Steve Kerr,0,2015-03-22
Steve Kerr,0,2015-03-15
Steve Kerr,0,2015-03-08
Steve Kerr,0,2015-03-01
Steve Kerr,0,2015-02-22
Steve Kerr,0,2015-02-15
David Cameron,1,2015-02-15
David Cameron,0,2015-02-22
David Cameron,0,2015-03-01
David Cameron,0,2015-03-08
David Cameron,0,2015-03-15
David Cameron,0,2015-03-22
David Cameron,0,2015-03-29
David Cameron,0,2015-04-05
David Cameron,2,2015-04-12
David Cameron,1,2015-04-19
David Cameron,12,2015-04-26
David Cameron,5,2015-05-03
David Cameron,2,2015-05-10
David Cameron,3,2015-05-17
David Cameron,3,2015-05-24
David Cameron,1,2015-05-31
David Cameron,2,2015-06-07
David Cameron,0,2015-06-14
Miley Cyrus,1,2015-02-15
Miley Cyrus,0,2015-02-22
Miley Cyrus,1,2015-03-01
Miley Cyrus,1,2015-03-08
Miley Cyrus,0,2015-03-15
Miley Cyrus,0,2015-03-22
Miley Cyrus,0,2015-03-29
Miley Cyrus,0,2015-04-05
Miley Cyrus,0,2015-04-12
Miley Cyrus,1,2015-04-19
Miley Cyrus,0,2015-04-26
Miley Cyrus,0,2015-05-03
Miley Cyrus,0,2015-05-10
Miley Cyrus,1,2015-05-17
Miley Cyrus,1,2015-05-24
Miley Cyrus,4,2015-05-31
Miley Cyrus,0,2015-06-07
Miley Cyrus,0,2015-06-14
Sepp Blatter,4,2015-05-24
Sepp Blatter,5,2015-05-31
Sepp Blatter,0,2015-06-07
Sepp Blatter,2,2015-06-14
Sepp Blatter,0,2015-05-17
Sepp Blatter,0,2015-05-10
Sepp Blatter,0,2015-05-03
Sepp Blatter,0,2015-04-26
Sepp Blatter,0,2015-04-19
Sepp Blatter,0,2015-04-12
Sepp Blatter,0,2015-04-05
Sepp Blatter,0,2015-03-29
Sepp Blatter,0,2015-03-22
Sepp Blatter,0,2015-03-15
Sepp Blatter,0,2015-03-08
Sepp Blatter,0,2015-03-01
Sepp Blatter,0,2015-02-22
Sepp Blatter,0,2015-02-15
Bob Dylan,4,2015-04-05
Bob Dylan,2,2015-04-12
Bob Dylan,1,2015-04-19
Bob Dylan,1,2015-04-26
Bob Dylan,1,2015-05-03
Bob Dylan,1,2015-05-10
Bob Dylan,5,2015-05-17
Bob Dylan,4,2015-05-24
Bob Dylan,2,2015-05-31
Bob Dylan,1,2015-06-07
Bob Dylan,1,2015-06-14
Bob Dylan,0,2015-03-29
Bob Dylan,0,2015-03-22
Bob Dylan,0,2015-03-15
Bob Dylan,0,2015-03-08
Bob Dylan,0,2015-03-01
Bob Dylan,0,2015-02-22
Bob Dylan,0,2015-02-15
Taylor Swift,1,2015-02-15
Taylor Swift,1,2015-02-22
Taylor Swift,0,2015-03-01
Taylor Swift,0,2015-03-08
Taylor Swift,1,2015-03-15
Taylor Swift,1,2015-03-22
Taylor Swift,1,2015-03-29
Taylor Swift,3,2015-04-05
Taylor Swift,1,2015-04-12
Taylor Swift,2,2015-04-19
Taylor Swift,0,2015-04-26
Taylor Swift,1,2015-05-03
Taylor Swift,1,2015-05-10
Taylor Swift,3,2015-05-17
Taylor Swift,1,2015-05-24
Taylor Swift,3,2015-05-31
Taylor Swift,0,2015-06-07
Taylor Swift,0,2015-06-14
Taylor Swift,1,2015-06-21
Rand Paul,1,2015-02-15
Rand Paul,3,2015-02-22
Rand Paul,0,2015-03-01
Rand Paul,3,2015-03-08
Rand Paul,0,2015-03-15
Rand Paul,2,2015-03-22
Rand Paul,1,2015-03-29
Rand Paul,4,2015-04-05
Rand Paul,9,2015-04-12
Rand Paul,2,2015-04-19
Rand Paul,4,2015-04-26
Rand Paul,4,2015-05-03
Rand Paul,2,2015-05-10
Rand Paul,1,2015-05-17
Rand Paul,5,2015-05-24
Rand Paul,2,2015-05-31
Rand Paul,1,2015-06-07
Rand Paul,0,2015-06-14
John Hodgman,1,2015-04-26
John Hodgman,1,2015-05-03
John Hodgman,2,2015-05-10
John Hodgman,2,2015-05-17
John Hodgman,1,2015-05-24
John Hodgman,1,2015-05-31
John Hodgman,1,2015-06-07
John Hodgman,2,2015-06-14
John Hodgman,0,2015-04-19
John Hodgman,0,2015-04-12
John Hodgman,0,2015-04-05
John Hodgman,0,2015-03-29
John Hodgman,0,2015-03-22
John Hodgman,0,2015-03-15
John Hodgman,0,2015-03-08
John Hodgman,0,2015-03-01
John Hodgman,0,2015-02-22
John Hodgman,0,2015-02-15
Eric Schmidt,4,2015-02-15
Eric Schmidt,2,2015-02-22
Eric Schmidt,1,2015-03-01
Eric Schmidt,2,2015-03-08
Eric Schmidt,7,2015-03-15
Eric Schmidt,5,2015-03-22
Eric Schmidt,2,2015-03-29
Eric Schmidt,4,2015-04-05
Eric Schmidt,3,2015-04-12
Eric Schmidt,1,2015-04-19
Eric Schmidt,1,2015-04-26
Eric Schmidt,0,2015-05-03
Eric Schmidt,1,2015-05-10
Eric Schmidt,1,2015-05-17
Eric Schmidt,0,2015-05-24
Eric Schmidt,0,2015-05-31
Eric Schmidt,0,2015-06-07
Eric Schmidt,0,2015-06-14
Jason Calacanis,1,2015-02-15
Jason Calacanis,0,2015-02-22
Jason Calacanis,0,2015-03-01
Jason Calacanis,0,2015-03-08
Jason Calacanis,1,2015-03-15
Jason Calacanis,1,2015-03-22
Jason Calacanis,0,2015-03-29
Jason Calacanis,0,2015-04-05
Jason Calacanis,1,2015-04-12
Jason Calacanis,0,2015-04-19
Jason Calacanis,1,2015-04-26
Jason Calacanis,4,2015-05-03
Jason Calacanis,3,2015-05-10
Jason Calacanis,2,2015-05-17
Jason Calacanis,1,2015-05-24
Jason Calacanis,1,2015-05-31
Jason Calacanis,0,2015-06-07
Jason Calacanis,2,2015-06-14
Ira Glass,1,2015-03-01
Ira Glass,0,2015-03-08
Ira Glass,1,2015-03-15
Ira Glass,1,2015-03-22
Ira Glass,0,2015-03-29
Ira Glass,0,2015-04-05
Ira Glass,0,2015-04-12
Ira Glass,0,2015-04-19
Ira Glass,0,2015-04-26
Ira Glass,3,2015-05-03
Ira Glass,0,2015-05-10
Ira Glass,1,2015-05-17
Ira Glass,1,2015-05-24
Ira Glass,0,2015-05-31
Ira Glass,2,2015-06-07
Ira Glass,1,2015-06-14
Ira Glass,0,2015-02-22
Ira Glass,0,2015-02-15
Michael Schneider,1,2015-02-22
Michael Schneider,1,2015-03-01
Michael Schneider,1,2015-03-08
Michael Schneider,0,2015-03-15
Michael Schneider,2,2015-03-22
Michael Schneider,2,2015-03-29
Michael Schneider,2,2015-04-05
Michael Schneider,0,2015-02-15
Michael Schneider,0,2015-04-12
Michael Schneider,0,2015-04-19
Michael Schneider,0,2015-04-26
Michael Schneider,0,2015-05-03
Michael Schneider,0,2015-05-10
Michael Schneider,0,2015-05-17
Michael Schneider,0,2015-05-24
Michael Schneider,0,2015-05-31
Michael Schneider,0,2015-06-07
Michael Schneider,0,2015-06-14
Chris Christie,1,2015-02-15
Chris Christie,2,2015-02-22
Chris Christie,0,2015-03-01
Chris Christie,0,2015-03-08
Chris Christie,0,2015-03-15
Chris Christie,0,2015-03-22
Chris Christie,0,2015-03-29
Chris Christie,1,2015-04-05
Chris Christie,4,2015-04-12
Chris Christie,0,2015-04-19
Chris Christie,1,2015-04-26
Chris Christie,1,2015-05-03
Chris Christie,2,2015-05-10
Chris Christie,3,2015-05-17
Chris Christie,0,2015-05-24
Chris Christie,0,2015-05-31
Chris Christie,0,2015-06-07
Chris Christie,0,2015-06-14
David Letterman,1,2015-02-15
David Letterman,1,2015-02-22
David Letterman,2,2015-03-01
David Letterman,1,2015-03-08
David Letterman,0,2015-03-15
David Letterman,0,2015-03-22
David Letterman,0,2015-03-29
David Letterman,0,2015-04-05
David Letterman,4,2015-04-12
David Letterman,0,2015-04-19
David Letterman,1,2015-04-26
David Letterman,1,2015-05-03
David Letterman,2,2015-05-10
David Letterman,12,2015-05-17
David Letterman,3,2015-05-24
David Letterman,0,2015-05-31
David Letterman,0,2015-06-07
David Letterman,1,2015-06-14
John Kerry,2,2015-02-15
John Kerry,2,2015-02-22
John Kerry,2,2015-03-01
John Kerry,0,2015-03-08
John Kerry,0,2015-03-15
John Kerry,0,2015-03-22
John Kerry,1,2015-03-29
John Kerry,0,2015-04-05
John Kerry,1,2015-04-12
John Kerry,1,2015-04-19
John Kerry,2,2015-04-26
John Kerry,2,2015-05-03
John Kerry,1,2015-05-10
John Kerry,1,2015-05-17
John Kerry,0,2015-05-24
John Kerry,0,2015-05-31
John Kerry,1,2015-06-07
John Kerry,0,2015-06-14
Dwight Howard,2,2015-05-10
Dwight Howard,4,2015-05-17
Dwight Howard,2,2015-05-24
Dwight Howard,1,2015-05-31
Dwight Howard,1,2015-06-07
Dwight Howard,0,2015-05-03
Dwight Howard,0,2015-04-26
Dwight Howard,0,2015-04-19
Dwight Howard,0,2015-04-12
Dwight Howard,0,2015-04-05
Dwight Howard,0,2015-03-29
Dwight Howard,0,2015-03-22
Dwight Howard,0,2015-03-15
Dwight Howard,0,2015-03-08
Dwight Howard,0,2015-03-01
Dwight Howard,0,2015-02-22
Dwight Howard,0,2015-02-15
Dwight Howard,0,2015-06-14
Tim Cook,3,2015-02-15
Tim Cook,4,2015-02-22
Tim Cook,4,2015-03-01
Tim Cook,1,2015-03-08
Tim Cook,1,2015-03-15
Tim Cook,0,2015-03-22
Tim Cook,0,2015-03-29
Tim Cook,2,2015-04-05
Tim Cook,3,2015-04-12
Tim Cook,2,2015-04-19
Tim Cook,2,2015-04-26
Tim Cook,6,2015-05-03
Tim Cook,2,2015-05-10
Tim Cook,3,2015-05-17
Tim Cook,3,2015-05-24
Tim Cook,0,2015-05-31
Tim Cook,1,2015-06-07
Tim Cook,1,2015-06-14
Jimmy Carter,1,2015-02-15
Jimmy Carter,1,2015-02-22
Jimmy Carter,0,2015-03-01
Jimmy Carter,1,2015-03-08
Jimmy Carter,0,2015-03-15
Jimmy Carter,1,2015-03-22
Jimmy Carter,0,2015-03-29
Jimmy Carter,0,2015-04-05
Jimmy Carter,1,2015-04-12
Jimmy Carter,1,2015-04-19
Jimmy Carter,0,2015-04-26
Jimmy Carter,0,2015-05-03
Jimmy Carter,2,2015-05-10
Jimmy Carter,0,2015-05-17
Jimmy Carter,1,2015-05-24
Jimmy Carter,1,2015-05-31
Jimmy Carter,0,2015-06-07
Jimmy Carter,1,2015-06-14
Jefferson Graham,1,2015-03-01
Jefferson Graham,0,2015-03-08
Jefferson Graham,0,2015-03-15
Jefferson Graham,0,2015-03-22
Jefferson Graham,1,2015-03-29
Jefferson Graham,0,2015-04-05
Jefferson Graham,0,2015-04-12
Jefferson Graham,0,2015-04-19
Jefferson Graham,0,2015-04-26
Jefferson Graham,1,2015-05-03
Jefferson Graham,1,2015-05-10
Jefferson Graham,1,2015-05-17
Jefferson Graham,0,2015-05-24
Jefferson Graham,0,2015-05-31
Jefferson Graham,1,2015-06-07
Jefferson Graham,4,2015-06-14
Jefferson Graham,1,2015-06-21
Jefferson Graham,0,2015-02-22
Jefferson Graham,0,2015-02-15
Joe Biden,1,2015-02-22
Joe Biden,0,2015-03-01
Joe Biden,1,2015-03-08
Joe Biden,0,2015-03-15
Joe Biden,0,2015-03-22
Joe Biden,0,2015-03-29
Joe Biden,0,2015-04-05
Joe Biden,2,2015-04-12
Joe Biden,0,2015-04-19
Joe Biden,1,2015-04-26
Joe Biden,1,2015-05-03
Joe Biden,0,2015-05-10
Joe Biden,1,2015-05-17
Joe Biden,0,2015-05-24
Joe Biden,1,2015-05-31
Joe Biden,1,2015-06-07
Joe Biden,0,2015-02-15
Joe Biden,0,2015-06-14
Benjamin Netanyahu,1,2015-02-15
Benjamin Netanyahu,1,2015-02-22
Benjamin Netanyahu,4,2015-03-01
Benjamin Netanyahu,0,2015-03-08
Benjamin Netanyahu,3,2015-03-15
Benjamin Netanyahu,0,2015-03-22
Benjamin Netanyahu,1,2015-03-29
Benjamin Netanyahu,0,2015-04-05
Benjamin Netanyahu,0,2015-04-12
Benjamin Netanyahu,0,2015-04-19
Benjamin Netanyahu,0,2015-04-26
Benjamin Netanyahu,0,2015-05-03
Benjamin Netanyahu,0,2015-05-10
Benjamin Netanyahu,0,2015-05-17
Benjamin Netanyahu,0,2015-05-24
Benjamin Netanyahu,0,2015-05-31
Benjamin Netanyahu,0,2015-06-07
Benjamin Netanyahu,0,2015-06-14
Katy Perry,3,2015-03-01
Katy Perry,0,2015-03-08
Katy Perry,0,2015-03-15
Katy Perry,0,2015-03-22
Katy Perry,0,2015-03-29
Katy Perry,1,2015-04-05
Katy Perry,1,2015-04-12
Katy Perry,1,2015-04-19
Katy Perry,1,2015-04-26
Katy Perry,0,2015-05-03
Katy Perry,1,2015-05-10
Katy Perry,2,2015-05-17
Katy Perry,1,2015-05-24
Katy Perry,0,2015-02-22
Katy Perry,0,2015-02-15
Katy Perry,0,2015-05-31
Katy Perry,0,2015-06-07
Katy Perry,0,2015-06-14
Tom Cruise,1,2015-02-15
Tom Cruise,0,2015-02-22
Tom Cruise,0,2015-03-01
Tom Cruise,0,2015-03-08
Tom Cruise,0,2015-03-15
Tom Cruise,0,2015-03-22
Tom Cruise,0,2015-03-29
Tom Cruise,1,2015-04-05
Tom Cruise,1,2015-04-12
Tom Cruise,0,2015-04-19
Tom Cruise,2,2015-04-26
Tom Cruise,1,2015-05-03
Tom Cruise,1,2015-05-10
Tom Cruise,5,2015-05-17
Tom Cruise,0,2015-05-24
Tom Cruise,3,2015-05-31
Tom Cruise,0,2015-06-07
Tom Cruise,0,2015-06-14
Chris Pratt,1,2015-03-29
Chris Pratt,1,2015-04-05
Chris Pratt,0,2015-04-12
Chris Pratt,0,2015-04-19
Chris Pratt,0,2015-04-26
Chris Pratt,1,2015-05-03
Chris Pratt,0,2015-05-10
Chris Pratt,0,2015-05-17
Chris Pratt,1,2015-05-24
Chris Pratt,0,2015-05-31
Chris Pratt,4,2015-06-07
Chris Pratt,1,2015-06-14
Chris Pratt,0,2015-03-22
Chris Pratt,0,2015-03-15
Chris Pratt,0,2015-03-08
Chris Pratt,0,2015-03-01
Chris Pratt,0,2015-02-22
Chris Pratt,0,2015-02-15
Tom Brady,1,2015-02-22
Tom Brady,0,2015-03-01
Tom Brady,1,2015-03-08
Tom Brady,0,2015-03-15
Tom Brady,0,2015-03-22
Tom Brady,1,2015-03-29
Tom Brady,0,2015-04-05
Tom Brady,0,2015-04-12
Tom Brady,0,2015-04-19
Tom Brady,0,2015-04-26
Tom Brady,2,2015-05-03
Tom Brady,9,2015-05-10
Tom Brady,12,2015-05-17
Tom Brady,4,2015-05-24
Tom Brady,3,2015-05-31
Tom Brady,2,2015-06-07
Tom Brady,3,2015-06-14
Tom Brady,0,2015-02-15
Jimmy Fallon,1,2015-02-15
Jimmy Fallon,1,2015-02-22
Jimmy Fallon,1,2015-03-01
Jimmy Fallon,1,2015-03-08
Jimmy Fallon,0,2015-03-15
Jimmy Fallon,1,2015-03-22
Jimmy Fallon,0,2015-03-29
Jimmy Fallon,0,2015-04-05
Jimmy Fallon,4,2015-04-12
Jimmy Fallon,0,2015-04-19
Jimmy Fallon,0,2015-04-26
Jimmy Fallon,2,2015-05-03
Jimmy Fallon,2,2015-05-10
Jimmy Fallon,0,2015-05-17
Jimmy Fallon,0,2015-05-24
Jimmy Fallon,1,2015-05-31
Jimmy Fallon,1,2015-06-07
Jimmy Fallon,0,2015-06-14
Amy Schumer,1,2015-03-29
Amy Schumer,0,2015-04-05
Amy Schumer,0,2015-04-12
Amy Schumer,0,2015-04-19
Amy Schumer,0,2015-04-26
Amy Schumer,0,2015-05-03
Amy Schumer,1,2015-05-10
Amy Schumer,3,2015-05-17
Amy Schumer,2,2015-05-24
Amy Schumer,2,2015-05-31
Amy Schumer,1,2015-06-07
Amy Schumer,3,2015-06-14
Amy Schumer,0,2015-03-22
Amy Schumer,0,2015-03-15
Amy Schumer,0,2015-03-08
Amy Schumer,0,2015-03-01
Amy Schumer,0,2015-02-22
Amy Schumer,0,2015-02-15
Paul Newman,1,2015-05-10
Paul Newman,3,2015-05-17
Paul Newman,2,2015-05-24
Paul Newman,3,2015-05-31
Paul Newman,0,2015-05-03
Paul Newman,0,2015-04-26
Paul Newman,0,2015-04-19
Paul Newman,0,2015-04-12
Paul Newman,0,2015-04-05
Paul Newman,0,2015-03-29
Paul Newman,0,2015-03-22
Paul Newman,0,2015-03-15
Paul Newman,0,2015-03-08
Paul Newman,0,2015-03-01
Paul Newman,0,2015-02-22
Paul Newman,0,2015-02-15
Paul Newman,0,2015-06-07
Paul Newman,0,2015-06-14
Jerry West,3,2015-05-17
Jerry West,0,2015-05-24
Jerry West,2,2015-05-31
Jerry West,1,2015-06-07
Jerry West,3,2015-06-14
Jerry West,0,2015-05-10
Jerry West,0,2015-05-03
Jerry West,0,2015-04-26
Jerry West,0,2015-04-19
Jerry West,0,2015-04-12
Jerry West,0,2015-04-05
Jerry West,0,2015-03-29
Jerry West,0,2015-03-22
Jerry West,0,2015-03-15
Jerry West,0,2015-03-08
Jerry West,0,2015-03-01
Jerry West,0,2015-02-22
Jerry West,0,2015-02-15
Dan Patrick,1,2015-05-10
Dan Patrick,7,2015-05-17
Dan Patrick,1,2015-05-24
Dan Patrick,5,2015-05-31
Dan Patrick,2,2015-06-07
Dan Patrick,6,2015-06-14
Dan Patrick,0,2015-05-03
Dan Patrick,0,2015-04-26
Dan Patrick,0,2015-04-19
Dan Patrick,0,2015-04-12
Dan Patrick,0,2015-04-05
Dan Patrick,0,2015-03-29
Dan Patrick,0,2015-03-22
Dan Patrick,0,2015-03-15
Dan Patrick,0,2015-03-08
Dan Patrick,0,2015-03-01
Dan Patrick,0,2015-02-22
Dan Patrick,0,2015-02-15
Al Gore,2,2015-03-29
Al Gore,0,2015-04-05
Al Gore,2,2015-04-12
Al Gore,0,2015-04-19
Al Gore,3,2015-04-26
Al Gore,1,2015-05-03
Al Gore,0,2015-05-10
Al Gore,1,2015-05-17
Al Gore,1,2015-05-24
Al Gore,2,2015-05-31
Al Gore,1,2015-06-07
Al Gore,0,2015-03-22
Al Gore,0,2015-03-15
Al Gore,0,2015-03-08
Al Gore,0,2015-03-01
Al Gore,0,2015-02-22
Al Gore,0,2015-02-15
Al Gore,0,2015-06-14
Barack Obama,4,2015-02-15
Barack Obama,5,2015-02-22
Barack Obama,5,2015-03-01
Barack Obama,4,2015-03-08
Barack Obama,3,2015-03-15
Barack Obama,2,2015-03-22
Barack Obama,2,2015-03-29
Barack Obama,5,2015-04-05
Barack Obama,6,2015-04-12
Barack Obama,5,2015-04-19
Barack Obama,3,2015-04-26
Barack Obama,4,2015-05-03
Barack Obama,7,2015-05-10
Barack Obama,6,2015-05-17
Barack Obama,6,2015-05-24
Barack Obama,3,2015-05-31
Barack Obama,1,2015-06-07
Barack Obama,1,2015-06-14
Barack Obama,1,2015-06-21
Terry Gross,2,2015-02-15
Terry Gross,0,2015-02-22
Terry Gross,0,2015-03-01
Terry Gross,0,2015-03-08
Terry Gross,0,2015-03-15
Terry Gross,0,2015-03-22
Terry Gross,0,2015-03-29
Terry Gross,0,2015-04-05
Terry Gross,3,2015-04-12
Terry Gross,1,2015-04-19
Terry Gross,0,2015-04-26
Terry Gross,0,2015-05-03
Terry Gross,0,2015-05-10
Terry Gross,3,2015-05-17
Terry Gross,1,2015-05-24
Terry Gross,1,2015-05-31
Terry Gross,0,2015-06-07
Terry Gross,4,2015-06-14
Jerry Seinfeld,1,2015-02-22
Jerry Seinfeld,0,2015-03-01
Jerry Seinfeld,0,2015-03-08
Jerry Seinfeld,0,2015-03-15
Jerry Seinfeld,1,2015-03-22
Jerry Seinfeld,0,2015-03-29
Jerry Seinfeld,0,2015-04-05
Jerry Seinfeld,3,2015-04-12
Jerry Seinfeld,0,2015-04-19
Jerry Seinfeld,1,2015-04-26
Jerry Seinfeld,1,2015-05-03
Jerry Seinfeld,1,2015-05-10
Jerry Seinfeld,2,2015-05-17
Jerry Seinfeld,1,2015-05-24
Jerry Seinfeld,1,2015-05-31
Jerry Seinfeld,0,2015-06-07
Jerry Seinfeld,2,2015-06-14
Jerry Seinfeld,0,2015-02-15
LeBron James,2,2015-06-07
LeBron James,7,2015-06-14
LeBron James,0,2015-05-31
LeBron James,0,2015-05-24
LeBron James,0,2015-05-17
LeBron James,0,2015-05-10
LeBron James,0,2015-05-03
LeBron James,0,2015-04-26
LeBron James,0,2015-04-19
LeBron James,0,2015-04-12
LeBron James,0,2015-04-05
LeBron James,0,2015-03-29
LeBron James,0,2015-03-22
LeBron James,0,2015-03-15
LeBron James,0,2015-03-08
LeBron James,0,2015-03-01
LeBron James,0,2015-02-22
LeBron James,0,2015-02-15
Donald Trump,1,2015-02-22
Donald Trump,2,2015-03-01
Donald Trump,0,2015-03-08
Donald Trump,0,2015-03-15
Donald Trump,0,2015-03-22
Donald Trump,0,2015-03-29
Donald Trump,0,2015-04-05
Donald Trump,2,2015-04-12
Donald Trump,2,2015-04-19
Donald Trump,2,2015-04-26
Donald Trump,0,2015-05-03
Donald Trump,1,2015-05-10
Donald Trump,2,2015-05-17
Donald Trump,0,2015-05-24
Donald Trump,0,2015-05-31
Donald Trump,1,2015-06-07
Donald Trump,2,2015-06-14
Donald Trump,0,2015-02-15
Tony Blair,1,2015-02-22
Tony Blair,0,2015-03-01
Tony Blair,0,2015-03-08
Tony Blair,0,2015-03-15
Tony Blair,0,2015-03-22
Tony Blair,0,2015-03-29
Tony Blair,0,2015-04-05
Tony Blair,3,2015-04-12
Tony Blair,1,2015-04-19
Tony Blair,7,2015-04-26
Tony Blair,0,2015-05-03
Tony Blair,1,2015-05-10
Tony Blair,0,2015-05-17
Tony Blair,1,2015-05-24
Tony Blair,0,2015-02-15
Tony Blair,0,2015-05-31
Tony Blair,0,2015-06-07
Tony Blair,0,2015-06-14
Thomas Jefferson,1,2015-02-15
Thomas Jefferson,0,2015-02-22
Thomas Jefferson,2,2015-03-01
Thomas Jefferson,0,2015-03-08
Thomas Jefferson,0,2015-03-15
Thomas Jefferson,0,2015-03-22
Thomas Jefferson,0,2015-03-29
Thomas Jefferson,0,2015-04-05
Thomas Jefferson,1,2015-04-12
Thomas Jefferson,1,2015-04-19
Thomas Jefferson,0,2015-04-26
Thomas Jefferson,2,2015-05-03
Thomas Jefferson,1,2015-05-10
Thomas Jefferson,1,2015-05-17
Thomas Jefferson,0,2015-05-24
Thomas Jefferson,0,2015-05-31
Thomas Jefferson,0,2015-06-07
Thomas Jefferson,2,2015-06-14
